module,method,path,purpose,auth,guards,pathParams,queryParams,requestSchema,requestFields,statusCodes,responseFormats,sourceFile
accounting-periods,GET,/api/accounting-periods,Read data,session_cookie,requireAccountingAccess|requireCompanyRole,,companyId,accountingPeriodSchema (src/lib/validators/company.ts),companyId|endDate|frequency|name|startDate,400|401|403|409,json,src/app/api/accounting-periods/route.ts
accounting-periods,POST,/api/accounting-periods,Create or execute action,session_cookie,requireAccountingAccess|requireCompanyRole,,companyId,accountingPeriodSchema (src/lib/validators/company.ts),companyId|endDate|frequency|name|startDate,400|401|403|409,json,src/app/api/accounting-periods/route.ts
accounting-periods,PATCH,/api/accounting-periods/{periodId},Update existing data,session_cookie,requireCompanyRole,periodId,,accountingPeriodUpdateSchema (src/lib/validators/company.ts),status,400|401|403,json,src/app/api/accounting-periods/[periodId]/route.ts
accounting-periods,POST,/api/accounting-periods/generate,Create or execute action,session_cookie,requireCompanyRole,,,accountingPeriodGenerateSchema (src/lib/validators/company.ts),companyId|frequency|year,400|401|403|409,json,src/app/api/accounting-periods/generate/route.ts
adjustments,GET,/api/adjustments,Read data,session_cookie,requireAccountingAccess|requireCompanyRole,,accountId|companyId|from|q|to|type,adjustmentSchema (src/lib/validators/payments.ts),accountId|adjustmentDate|amount|companyId|memo|offsetAccountId|reason|type,400|401|403,json,src/app/api/adjustments/route.ts
adjustments,POST,/api/adjustments,Create or execute action,session_cookie,requireAccountingAccess|requireCompanyRole,,accountId|companyId|from|q|to|type,adjustmentSchema (src/lib/validators/payments.ts),accountId|adjustmentDate|amount|companyId|memo|offsetAccountId|reason|type,400|401|403,json,src/app/api/adjustments/route.ts
adjustments,GET,/api/adjustments/{adjustmentId},Read data,session_cookie,requireAccountingAccess,adjustmentId,,,,401|403|404,json,src/app/api/adjustments/[adjustmentId]/route.ts
admin,GET,/api/admin/alerts,Read data,system_session,requireSystemAdmin,,severity|status,,,200,json,src/app/api/admin/alerts/route.ts
admin,PATCH,/api/admin/alerts/{alertId},Update existing data,system_session,requireSystemAdmin,alertId,,schema,severity|status,400,json,src/app/api/admin/alerts/[alertId]/route.ts
admin,GET,/api/admin/alerts/export,Export data,system_session,requireSystemAdmin,,severity|status,,,200,csv|json,src/app/api/admin/alerts/export/route.ts
admin,GET,/api/admin/audit,Read data,system_session,requireSystemAdmin,,,,,200,json,src/app/api/admin/audit/route.ts
admin,GET,/api/admin/audit/export,Export data,system_session,requireSystemAdmin,,,,,200,csv|json,src/app/api/admin/audit/export/route.ts
admin,GET,/api/admin/dr/drills,Read data,system_session,requireSystemAdmin,,,schema,completedAt|notes|rpoAchievedMinutes|rtoAchievedMinutes|runBy|scope|startedAt|status|type,400,json,src/app/api/admin/dr/drills/route.ts
admin,POST,/api/admin/dr/drills,Create or execute action,system_session,requireSystemAdmin,,,schema,completedAt|notes|rpoAchievedMinutes|rtoAchievedMinutes|runBy|scope|startedAt|status|type,400,json,src/app/api/admin/dr/drills/route.ts
admin,GET,/api/admin/dr/settings,Read data,system_session,requireSystemAdmin,,,schema,approvedBy|backupFrequencyHours|backupRegion|lastReviewedAt|priorityCritical|priorityHigh|priorityLow|priorityMedium|retentionDays|rpoMinutes|rtoMinutes,400,json,src/app/api/admin/dr/settings/route.ts
admin,PUT,/api/admin/dr/settings,Update existing data,system_session,requireSystemAdmin,,,schema,approvedBy|backupFrequencyHours|backupRegion|lastReviewedAt|priorityCritical|priorityHigh|priorityLow|priorityMedium|retentionDays|rpoMinutes|rtoMinutes,400,json,src/app/api/admin/dr/settings/route.ts
admin,GET,/api/admin/health,Read data,system_session,requireSystemAdmin,,,,,200,json,src/app/api/admin/health/route.ts
admin,POST,/api/admin/impersonate,Create or execute action,system_session,requireSystemAdmin,,,schema,companyId|reason|targetUserId,400|404,json,src/app/api/admin/impersonate/route.ts
admin,POST,/api/admin/impersonate/end,Create or execute action,system_session,requireSystemAdmin,,,,,200,json,src/app/api/admin/impersonate/end/route.ts
admin,GET,/api/admin/impersonation,Read data,session_cookie,,,,,,401,json,src/app/api/admin/impersonation/route.ts
admin,GET,/api/admin/jobs,Read data,system_session,requireSystemAdmin,,,,,200,json,src/app/api/admin/jobs/route.ts
admin,GET,/api/admin/knowledge-base/articles,Read data,system_session,requireSystemAdmin,,categoryId|q,schema,categoryId|contentAr|contentEn|isPublished|slug|summaryAr|summaryEn|tags|titleAr|titleEn,400,json,src/app/api/admin/knowledge-base/articles/route.ts
admin,POST,/api/admin/knowledge-base/articles,Create or execute action,system_session,requireSystemAdmin,,categoryId|q,schema,categoryId|contentAr|contentEn|isPublished|slug|summaryAr|summaryEn|tags|titleAr|titleEn,400,json,src/app/api/admin/knowledge-base/articles/route.ts
admin,PUT,/api/admin/knowledge-base/articles/{articleId},Update existing data,system_session,requireSystemAdmin,articleId,,schema,categoryId|contentAr|contentEn|isPublished|slug|summaryAr|summaryEn|tags|titleAr|titleEn,400,json,src/app/api/admin/knowledge-base/articles/[articleId]/route.ts
admin,GET,/api/admin/knowledge-base/categories,Read data,system_session,requireSystemAdmin,,,schema,descriptionAr|descriptionEn|nameAr|nameEn|order|slug,400,json,src/app/api/admin/knowledge-base/categories/route.ts
admin,POST,/api/admin/knowledge-base/categories,Create or execute action,system_session,requireSystemAdmin,,,schema,descriptionAr|descriptionEn|nameAr|nameEn|order|slug,400,json,src/app/api/admin/knowledge-base/categories/route.ts
admin,PUT,/api/admin/knowledge-base/categories/{categoryId},Update existing data,system_session,requireSystemAdmin,categoryId,,schema,descriptionAr|descriptionEn|nameAr|nameEn|order|slug,400,json,src/app/api/admin/knowledge-base/categories/[categoryId]/route.ts
admin,GET,/api/admin/knowledge-base/glossary,Read data,system_session,requireSystemAdmin,,q,schema,category|definitionAr|definitionEn|termAr|termEn,400,json,src/app/api/admin/knowledge-base/glossary/route.ts
admin,POST,/api/admin/knowledge-base/glossary,Create or execute action,system_session,requireSystemAdmin,,q,schema,category|definitionAr|definitionEn|termAr|termEn,400,json,src/app/api/admin/knowledge-base/glossary/route.ts
admin,PUT,/api/admin/knowledge-base/glossary/{termId},Update existing data,system_session,requireSystemAdmin,termId,,schema,category|definitionAr|definitionEn|termAr|termEn,400,json,src/app/api/admin/knowledge-base/glossary/[termId]/route.ts
admin,GET,/api/admin/kpis,Read data,system_session,requireSystemAdmin,,,,,200,json,src/app/api/admin/kpis/route.ts
admin,GET,/api/admin/me,Read data,session_cookie,,,,,,401,json,src/app/api/admin/me/route.ts
admin,GET,/api/admin/migrations,Read data,system_session,requireSystemAdmin,,,,,200,json,src/app/api/admin/migrations/route.ts
admin,POST,/api/admin/migrations/run,Create or execute action,system_session,requireSystemAdmin,,,schema,dryRun|migrationId,400|404|409|500,json,src/app/api/admin/migrations/run/route.ts
admin,GET,/api/admin/overview,Read data,system_session,requireSystemAdmin,,,,,200,json,src/app/api/admin/overview/route.ts
admin,GET,/api/admin/registrations,Read data,public_or_system,,,status,,,500,json,src/app/api/admin/registrations/route.ts
admin,POST,/api/admin/registrations/{id}/approve,Approve entity workflow state,public_or_system,,id,,,,400|404|500,json,src/app/api/admin/registrations/[id]/approve/route.ts
admin,POST,/api/admin/registrations/{id}/reject,Create or execute action,public_or_system,,id,,,,400|404|500,json,src/app/api/admin/registrations/[id]/reject/route.ts
admin,POST,/api/admin/support/reset-password,Create or execute action,system_session,requireSystemAdmin,,,schema,email|password|userId,400|404,json,src/app/api/admin/support/reset-password/route.ts
admin,GET,/api/admin/tenants,Read data,system_session,requireSystemAdmin,,,,,200,json,src/app/api/admin/tenants/route.ts
admin,PATCH,/api/admin/tenants/{companyId},Update existing data,system_session,requireSystemAdmin,companyId,,schema,status,400,json,src/app/api/admin/tenants/[companyId]/route.ts
admin,GET,/api/admin/tenants/export,Export data,system_session,requireSystemAdmin,,q|status,,,200,csv|json,src/app/api/admin/tenants/export/route.ts
analytics,GET,/api/analytics/export,Export data,session_cookie,requireCompanyRole,,companyId|endDate|startDate,,,400|401|403,csv|json,src/app/api/analytics/export/route.ts
analytics,GET,/api/analytics/overview,Read data,session_cookie,requireReportAccess,,companyId|endDate|refresh|startDate,,,400|401|403,json,src/app/api/analytics/overview/route.ts
attendance,GET,/api/attendance/holidays,Read data,session_cookie,requireCompanyMembership|requireCompanyRole,,companyId,attendanceHolidaySchema (src/lib/validators/attendance.ts),companyId|date|isPaid|name,400|401|403,json,src/app/api/attendance/holidays/route.ts
attendance,POST,/api/attendance/holidays,Create or execute action,session_cookie,requireCompanyMembership|requireCompanyRole,,companyId,attendanceHolidaySchema (src/lib/validators/attendance.ts),companyId|date|isPaid|name,400|401|403,json,src/app/api/attendance/holidays/route.ts
attendance,DELETE,/api/attendance/holidays/{holidayId},Delete or revoke data,session_cookie,requireCompanyRole,holidayId,companyId,attendanceHolidayUpdateSchema (src/lib/validators/attendance.ts),,400|401|403,json,src/app/api/attendance/holidays/[holidayId]/route.ts
attendance,PATCH,/api/attendance/holidays/{holidayId},Update existing data,session_cookie,requireCompanyRole,holidayId,companyId,attendanceHolidayUpdateSchema (src/lib/validators/attendance.ts),,400|401|403,json,src/app/api/attendance/holidays/[holidayId]/route.ts
attendance,GET,/api/attendance/records,Read data,session_cookie,requireCompanyMembership|requireCompanyRole,,companyId|employeeId|endDate|startDate|status,attendanceRecordSchema (src/lib/validators/attendance.ts),checkIn|checkOut|companyId|date|employeeId|notes|source|status,400|401|403|404|409,json,src/app/api/attendance/records/route.ts
attendance,POST,/api/attendance/records,Create or execute action,session_cookie,requireCompanyMembership|requireCompanyRole,,companyId|employeeId|endDate|startDate|status,attendanceRecordSchema (src/lib/validators/attendance.ts),checkIn|checkOut|companyId|date|employeeId|notes|source|status,400|401|403|404|409,json,src/app/api/attendance/records/route.ts
attendance,DELETE,/api/attendance/records/{recordId},Delete or revoke data,session_cookie,requireCompanyRole,recordId,companyId,attendanceRecordUpdateSchema (src/lib/validators/attendance.ts),,400|401|403|404,json,src/app/api/attendance/records/[recordId]/route.ts
attendance,PATCH,/api/attendance/records/{recordId},Update existing data,session_cookie,requireCompanyRole,recordId,companyId,attendanceRecordUpdateSchema (src/lib/validators/attendance.ts),,400|401|403|404,json,src/app/api/attendance/records/[recordId]/route.ts
attendance,GET,/api/attendance/records/export,Export data,session_cookie,requireCompanyMembership,,companyId|employeeId|endDate|startDate|status,,,400|401|403|404,csv|json,src/app/api/attendance/records/export/route.ts
attendance,GET,/api/attendance/records/import,Import or upload data,session_cookie,requireCompanyRole|requireHrAccess,,companyId|lang,attendanceImportSchema (src/lib/validators/attendance.ts),companyId|csv,400|401|403,csv|json,src/app/api/attendance/records/import/route.ts
attendance,POST,/api/attendance/records/import,Import or upload data,session_cookie,requireCompanyRole|requireHrAccess,,companyId|lang,attendanceImportSchema (src/lib/validators/attendance.ts),companyId|csv,400|401|403,csv|json,src/app/api/attendance/records/import/route.ts
attendance,POST,/api/attendance/self/check-in,Create or execute action,session_cookie,requireCompanyMembership,,,,,400|401|403|404,json,src/app/api/attendance/self/check-in/route.ts
attendance,POST,/api/attendance/self/check-out,Create or execute action,session_cookie,requireCompanyMembership,,,,,400|401|403|404,json,src/app/api/attendance/self/check-out/route.ts
attendance,GET,/api/attendance/settings,Read data,session_cookie,requireCompanyMembership|requireCompanyRole,,companyId,attendanceSettingsSchema (src/lib/validators/attendance.ts)|attendanceSettingsUpdateSchema (src/lib/validators/attendance.ts),companyId|graceMinutes|overtimeThresholdMinutes|roundingMinutes|shiftEnd|shiftStart|weekendDays,400|401|403,json,src/app/api/attendance/settings/route.ts
attendance,PUT,/api/attendance/settings,Update existing data,session_cookie,requireCompanyMembership|requireCompanyRole,,companyId,attendanceSettingsSchema (src/lib/validators/attendance.ts)|attendanceSettingsUpdateSchema (src/lib/validators/attendance.ts),companyId|graceMinutes|overtimeThresholdMinutes|roundingMinutes|shiftEnd|shiftStart|weekendDays,400|401|403,json,src/app/api/attendance/settings/route.ts
attendance,GET,/api/attendance/summary,Read data,session_cookie,requireCompanyMembership,,companyId|employeeId|endDate|startDate,,,400|401|403|404,json,src/app/api/attendance/summary/route.ts
audit-logs,GET,/api/audit-logs,Read data,session_cookie,requireAdminAccess,,action|companyId|endDate|entity|limit|q|startDate|userId,,,400|401|403,json,src/app/api/audit-logs/route.ts
audit-logs,GET,/api/audit-logs/export,Export data,session_cookie,requireAdminAccess,,action|companyId|endDate|entity|limit|q|startDate|userId,,,400|401|403,csv|json,src/app/api/audit-logs/export/route.ts
auth,POST,/api/auth/forgot,Create or execute action,public_or_system,,,,schema,email|locale,400,json,src/app/api/auth/forgot/route.ts
auth,GET,/api/auth/mfa-status,Read data,public_or_system,,,email,,,200,json,src/app/api/auth/mfa-status/route.ts
auth,POST,/api/auth/reset,Create or execute action,public_or_system,,,,schema,password|token,400|410,json,src/app/api/auth/reset/route.ts
billing,GET,/api/billing/invoices,Read data,session_cookie,requireCompanyRole,,companyId,billingInvoiceCreateSchema (src/lib/validators/billing.ts),amount|companyId|currency|periodEnd|periodStart|planId|planName|status|subscriptionId,400|401|403,json,src/app/api/billing/invoices/route.ts
billing,POST,/api/billing/invoices,Create or execute action,session_cookie,requireCompanyRole,,companyId,billingInvoiceCreateSchema (src/lib/validators/billing.ts),amount|companyId|currency|periodEnd|periodStart|planId|planName|status|subscriptionId,400|401|403,json,src/app/api/billing/invoices/route.ts
billing,PATCH,/api/billing/invoices/{invoiceId},Update existing data,session_cookie,requireCompanyRole,invoiceId,,billingInvoiceUpdateSchema (src/lib/validators/billing.ts),companyId|status,400|401|403|404,json,src/app/api/billing/invoices/[invoiceId]/route.ts
billing,GET,/api/billing/invoices/export,Export data,session_cookie,requireCompanyRole,,companyId,,,400|401|403,csv|json,src/app/api/billing/invoices/export/route.ts
billing,GET,/api/billing/payment-methods,Read data,session_cookie,requireAccountingAccess|requireCompanyRole,,companyId,paymentMethodSchema (src/lib/validators/billing.ts),brand|companyId|expMonth|expYear|isDefault|last4|token|type,400|401|403,json,src/app/api/billing/payment-methods/route.ts
billing,POST,/api/billing/payment-methods,Create or execute action,session_cookie,requireAccountingAccess|requireCompanyRole,,companyId,paymentMethodSchema (src/lib/validators/billing.ts),brand|companyId|expMonth|expYear|isDefault|last4|token|type,400|401|403,json,src/app/api/billing/payment-methods/route.ts
billing,DELETE,/api/billing/payment-methods/{paymentMethodId},Delete or revoke data,session_cookie,requireCompanyRole,paymentMethodId,companyId,paymentMethodUpdateSchema (src/lib/validators/billing.ts),companyId|isDefault,400|401|403,json,src/app/api/billing/payment-methods/[paymentMethodId]/route.ts
billing,PATCH,/api/billing/payment-methods/{paymentMethodId},Update existing data,session_cookie,requireCompanyRole,paymentMethodId,companyId,paymentMethodUpdateSchema (src/lib/validators/billing.ts),companyId|isDefault,400|401|403,json,src/app/api/billing/payment-methods/[paymentMethodId]/route.ts
billing,GET,/api/billing/payment-methods/export,Export data,session_cookie,requireCompanyRole,,companyId,,,400|401|403,csv|json,src/app/api/billing/payment-methods/export/route.ts
billing,GET,/api/billing/plans,Read data,session_cookie,requireAdminAccess,,companyId|includeInactive,billingPlanSchema (src/lib/validators/billing.ts),code|companyId|currency|description|graceDays|isActive|isDefault|maxCompanies|maxUsers|modules|name|priceMonthly|priceYearly|trialDays,400|401|403,json,src/app/api/billing/plans/route.ts
billing,POST,/api/billing/plans,Create or execute action,session_cookie,requireAdminAccess,,companyId|includeInactive,billingPlanSchema (src/lib/validators/billing.ts),code|companyId|currency|description|graceDays|isActive|isDefault|maxCompanies|maxUsers|modules|name|priceMonthly|priceYearly|trialDays,400|401|403,json,src/app/api/billing/plans/route.ts
billing,DELETE,/api/billing/plans/{planId},Delete or revoke data,session_cookie,requireCompanyRole,planId,companyId,billingPlanUpdateSchema (src/lib/validators/billing.ts),,400|401|403,json,src/app/api/billing/plans/[planId]/route.ts
billing,PATCH,/api/billing/plans/{planId},Update existing data,session_cookie,requireCompanyRole,planId,companyId,billingPlanUpdateSchema (src/lib/validators/billing.ts),,400|401|403,json,src/app/api/billing/plans/[planId]/route.ts
billing,GET,/api/billing/subscription,Read data,session_cookie,requireAdminAccess,,companyId,subscriptionOverrideSchema (src/lib/validators/billing.ts)|subscriptionUpdateSchema (src/lib/validators/billing.ts),billingCycle|companyId|planId|status,400|401|403,json,src/app/api/billing/subscription/route.ts
billing,PATCH,/api/billing/subscription,Update existing data,session_cookie,requireAdminAccess,,companyId,subscriptionOverrideSchema (src/lib/validators/billing.ts)|subscriptionUpdateSchema (src/lib/validators/billing.ts),billingCycle|companyId|planId|status,400|401|403,json,src/app/api/billing/subscription/route.ts
billing,POST,/api/billing/subscription,Create or execute action,session_cookie,requireAdminAccess,,companyId,subscriptionOverrideSchema (src/lib/validators/billing.ts)|subscriptionUpdateSchema (src/lib/validators/billing.ts),billingCycle|companyId|planId|status,400|401|403,json,src/app/api/billing/subscription/route.ts
billing,POST,/api/billing/subscription/cancel,Cancel entity workflow state,session_cookie,requireCompanyRole,,,subscriptionCancelSchema (src/lib/validators/billing.ts),cancelAtPeriodEnd|companyId,400|401|403|404,json,src/app/api/billing/subscription/cancel/route.ts
billing,POST,/api/billing/subscription/reactivate,Create or execute action,session_cookie,requireCompanyRole,,,subscriptionReactivateSchema (src/lib/validators/billing.ts),companyId,400|401|403|404,json,src/app/api/billing/subscription/reactivate/route.ts
bills,GET,/api/bills,Read data,session_cookie,requireAccountingAccess|requireCompanyRole,,companyId|from|maxTotal|minTotal|overdue|q|status|to|vendorId,billSchema (src/lib/validators/purchases.ts),billDate|companyId|currency|dueDate|lines|notes|paymentTermId|status|vendorBillNumber|vendorId,400|401|403,json,src/app/api/bills/route.ts
bills,POST,/api/bills,Create or execute action,session_cookie,requireAccountingAccess|requireCompanyRole,,companyId|from|maxTotal|minTotal|overdue|q|status|to|vendorId,billSchema (src/lib/validators/purchases.ts),billDate|companyId|currency|dueDate|lines|notes|paymentTermId|status|vendorBillNumber|vendorId,400|401|403,json,src/app/api/bills/route.ts
bills,GET,/api/bills/{billId},Read data,session_cookie,requireAccountingAccess|requireCompanyRole,billId,,billUpdateSchema (src/lib/validators/purchases.ts),billDate|currency|dueDate|lines|notes|paymentTermId|vendorBillNumber|vendorId,400|401|403|404,json,src/app/api/bills/[billId]/route.ts
bills,PUT,/api/bills/{billId},Update existing data,session_cookie,requireAccountingAccess|requireCompanyRole,billId,,billUpdateSchema (src/lib/validators/purchases.ts),billDate|currency|dueDate|lines|notes|paymentTermId|vendorBillNumber|vendorId,400|401|403|404,json,src/app/api/bills/[billId]/route.ts
bills,POST,/api/bills/{billId}/approve,Approve entity workflow state,session_cookie,requireCompanyRole,billId,,,,400|401|403|404,json,src/app/api/bills/[billId]/approve/route.ts
bills,GET,/api/bills/{billId}/attachments,Read data,session_cookie,requireAccountingAccess|requireCompanyRole,billId,,billAttachmentSchema (src/lib/validators/purchases.ts),companyId|content|contentType|name|size|storage|url,400|401|403|404,json,src/app/api/bills/[billId]/attachments/route.ts
bills,POST,/api/bills/{billId}/attachments,Create or execute action,session_cookie,requireAccountingAccess|requireCompanyRole,billId,,billAttachmentSchema (src/lib/validators/purchases.ts),companyId|content|contentType|name|size|storage|url,400|401|403|404,json,src/app/api/bills/[billId]/attachments/route.ts
bills,DELETE,/api/bills/{billId}/attachments/{attachmentId},Delete or revoke data,session_cookie,requireCompanyRole,attachmentId|billId,,,,401|403|404,json,src/app/api/bills/[billId]/attachments/[attachmentId]/route.ts
bills,POST,/api/bills/{billId}/cancel,Cancel entity workflow state,session_cookie,requireCompanyRole,billId,,,,400|401|403|404,json,src/app/api/bills/[billId]/cancel/route.ts
bills,GET,/api/bills/{billId}/payments,Read data,session_cookie,requireCompanyRole,billId,,billPaymentSchema (src/lib/validators/purchases.ts),accountId|amount|companyId|method|paymentDate|reference,400|401|403|404,json,src/app/api/bills/[billId]/payments/route.ts
bills,POST,/api/bills/{billId}/payments,Create or execute action,session_cookie,requireCompanyRole,billId,,billPaymentSchema (src/lib/validators/purchases.ts),accountId|amount|companyId|method|paymentDate|reference,400|401|403|404,json,src/app/api/bills/[billId]/payments/route.ts
bills,GET,/api/bills/export,Export data,session_cookie,requireAccountingAccess,,companyId,,,400|401|403,csv|json,src/app/api/bills/export/route.ts
cash-bank-accounts,GET,/api/cash-bank-accounts,Read data,session_cookie,requireAccountingAccess|requireCompanyRole,,companyId,cashBankAccountSchema (src/lib/validators/payments.ts),accountId|bankName|companyId|iban|name|openingBalance|status|type,400|401|403,json,src/app/api/cash-bank-accounts/route.ts
cash-bank-accounts,POST,/api/cash-bank-accounts,Create or execute action,session_cookie,requireAccountingAccess|requireCompanyRole,,companyId,cashBankAccountSchema (src/lib/validators/payments.ts),accountId|bankName|companyId|iban|name|openingBalance|status|type,400|401|403,json,src/app/api/cash-bank-accounts/route.ts
cash-bank-accounts,PATCH,/api/cash-bank-accounts/{accountId},Update existing data,session_cookie,requireCompanyRole,accountId,,cashBankAccountUpdateSchema (src/lib/validators/payments.ts),accountId|bankName|iban|name|openingBalance|status|type,400|401|403|404,json,src/app/api/cash-bank-accounts/[accountId]/route.ts
coa,GET,/api/coa,Read data,session_cookie,requireAccountingAccess|requireCompanyRole,,companyId,accountSchema (src/lib/validators/company.ts),code|companyId|isPosting|name|parentId|status|type,400|401|403|409,json,src/app/api/coa/route.ts
coa,POST,/api/coa,Create or execute action,session_cookie,requireAccountingAccess|requireCompanyRole,,companyId,accountSchema (src/lib/validators/company.ts),code|companyId|isPosting|name|parentId|status|type,400|401|403|409,json,src/app/api/coa/route.ts
coa,PATCH,/api/coa/{accountId},Update existing data,session_cookie,requireCompanyRole,accountId,,accountUpdateSchema (src/lib/validators/company.ts),code|isPosting|name|parentId|status|type,400|401|403|404|409,json,src/app/api/coa/[accountId]/route.ts
coa,POST,/api/coa/seed,Create or execute action,session_cookie,requireCompanyRole,,,coaTemplateSchema (src/lib/validators/company.ts),companyId|template,400|401|403,json,src/app/api/coa/seed/route.ts
companies,GET,/api/companies,Read data,session_cookie,,,,createCompanySchema (src/lib/validators/auth.ts),name,400|401,json,src/app/api/companies/route.ts
companies,POST,/api/companies,Create or execute action,session_cookie,,,,createCompanySchema (src/lib/validators/auth.ts),name,400|401,json,src/app/api/companies/route.ts
companies,GET,/api/companies/{companyId},Read data,session_cookie,requireAdminAccess|requireCompanyMembership,companyId,,companyProfileSchema (src/lib/validators/company.ts),,400|401|403|404,json,src/app/api/companies/[companyId]/route.ts
companies,PUT,/api/companies/{companyId},Update existing data,session_cookie,requireAdminAccess|requireCompanyMembership,companyId,,companyProfileSchema (src/lib/validators/company.ts),,400|401|403|404,json,src/app/api/companies/[companyId]/route.ts
companies,GET,/api/companies/{companyId}/config,Read data,session_cookie,requireAccountingAccess|requireAdminAccess,companyId,,companyConfigSchema (src/lib/validators/company.ts),adjustmentLastResetYear|adjustmentNextNumber|adjustmentPadding|adjustmentPrefix|adjustmentResetYearly|adjustmentSuffix|billApprovalThreshold|billLastResetYear|billNextNumber|billPadding|billPrefix|billResetYearly|billSuffix|billTemplate|creditLastResetYear|creditNextNumber|creditPadding|creditPrefix|creditResetYearly|creditSuffix|dateFormat|expenseLastResetYear|expenseNextNumber|expensePadding|expensePrefix|expenseResetYearly|expenseSuffix|invoiceLastResetYear|invoiceNextNumber|invoicePadding|invoicePrefix|invoiceResetYearly|invoiceSuffix|invoiceTemplate|onboardingCompleted|payrollApprovalThreshold|periodLockDate|receiptLastResetYear|receiptNextNumber|receiptPadding|receiptPrefix|receiptResetYearly|receiptSuffix|roundingMode|roundingPrecision|signatureEnabled|signatureImageUrl|signatureName|signatureTitle|taxInclusive|timeFormat|transferLastResetYear|transferNextNumber|transferPadding|transferPrefix|transferResetYearly|transferSuffix|vatEnabled|vatFilingFrequency|vatRate|vendorCreditLastResetYear|vendorCreditNextNumber|vendorCreditPadding|vendorCreditPrefix|vendorCreditResetYearly|vendorCreditSuffix|vendorPaymentLastResetYear|vendorPaymentNextNumber|vendorPaymentPadding|vendorPaymentPrefix|vendorPaymentResetYearly|vendorPaymentSuffix,400|401|403,json,src/app/api/companies/[companyId]/config/route.ts
companies,PUT,/api/companies/{companyId}/config,Update existing data,session_cookie,requireAccountingAccess|requireAdminAccess,companyId,,companyConfigSchema (src/lib/validators/company.ts),adjustmentLastResetYear|adjustmentNextNumber|adjustmentPadding|adjustmentPrefix|adjustmentResetYearly|adjustmentSuffix|billApprovalThreshold|billLastResetYear|billNextNumber|billPadding|billPrefix|billResetYearly|billSuffix|billTemplate|creditLastResetYear|creditNextNumber|creditPadding|creditPrefix|creditResetYearly|creditSuffix|dateFormat|expenseLastResetYear|expenseNextNumber|expensePadding|expensePrefix|expenseResetYearly|expenseSuffix|invoiceLastResetYear|invoiceNextNumber|invoicePadding|invoicePrefix|invoiceResetYearly|invoiceSuffix|invoiceTemplate|onboardingCompleted|payrollApprovalThreshold|periodLockDate|receiptLastResetYear|receiptNextNumber|receiptPadding|receiptPrefix|receiptResetYearly|receiptSuffix|roundingMode|roundingPrecision|signatureEnabled|signatureImageUrl|signatureName|signatureTitle|taxInclusive|timeFormat|transferLastResetYear|transferNextNumber|transferPadding|transferPrefix|transferResetYearly|transferSuffix|vatEnabled|vatFilingFrequency|vatRate|vendorCreditLastResetYear|vendorCreditNextNumber|vendorCreditPadding|vendorCreditPrefix|vendorCreditResetYearly|vendorCreditSuffix|vendorPaymentLastResetYear|vendorPaymentNextNumber|vendorPaymentPadding|vendorPaymentPrefix|vendorPaymentResetYearly|vendorPaymentSuffix,400|401|403,json,src/app/api/companies/[companyId]/config/route.ts
companies,POST,/api/companies/active,Create or execute action,session_cookie,requireCompanyMembership,,,,,400|401|403,json,src/app/api/companies/active/route.ts
company-defaults,GET,/api/company-defaults,Read data,session_cookie,requireAccountingAccess|requireCompanyRole,,companyId,companyDefaultsSchema (src/lib/validators/company.ts),companyId|defaultPurchasePaymentTermId|defaultPurchaseTaxCategoryId|defaultSalesPaymentTermId|defaultSalesTaxCategoryId|discountAccountId|payableAccountId|purchasesAccountId|receivableAccountId|salesAccountId|vatInputAccountId|vatOutputAccountId,400|401|403,json,src/app/api/company-defaults/route.ts
company-defaults,PUT,/api/company-defaults,Update existing data,session_cookie,requireAccountingAccess|requireCompanyRole,,companyId,companyDefaultsSchema (src/lib/validators/company.ts),companyId|defaultPurchasePaymentTermId|defaultPurchaseTaxCategoryId|defaultSalesPaymentTermId|defaultSalesTaxCategoryId|discountAccountId|payableAccountId|purchasesAccountId|receivableAccountId|salesAccountId|vatInputAccountId|vatOutputAccountId,400|401|403,json,src/app/api/company-defaults/route.ts
contacts,DELETE,/api/contacts/{contactId},Delete or revoke data,session_cookie,requireCompanyRole,contactId,,contactUpdateSchema (src/lib/validators/parties.ts),,400|401|403|404,json,src/app/api/contacts/[contactId]/route.ts
contacts,PATCH,/api/contacts/{contactId},Update existing data,session_cookie,requireCompanyRole,contactId,,contactUpdateSchema (src/lib/validators/parties.ts),,400|401|403|404,json,src/app/api/contacts/[contactId]/route.ts
credit-notes,GET,/api/credit-notes,Read data,session_cookie,requireAccountingAccess|requireCompanyRole,,companyId|customerId|invoiceId|q|status,creditNoteSchema (src/lib/validators/sales.ts),companyId|currency|invoiceId|issueDate|lines|notes|reason|status,400|401|403,json,src/app/api/credit-notes/route.ts
credit-notes,POST,/api/credit-notes,Create or execute action,session_cookie,requireAccountingAccess|requireCompanyRole,,companyId|customerId|invoiceId|q|status,creditNoteSchema (src/lib/validators/sales.ts),companyId|currency|invoiceId|issueDate|lines|notes|reason|status,400|401|403,json,src/app/api/credit-notes/route.ts
credit-notes,GET,/api/credit-notes/{creditNoteId},Read data,session_cookie,requireAccountingAccess|requireCompanyRole,creditNoteId,,creditNoteUpdateSchema (src/lib/validators/sales.ts),issueDate|lines|notes|reason|status,400|401|403|404,json,src/app/api/credit-notes/[creditNoteId]/route.ts
credit-notes,PATCH,/api/credit-notes/{creditNoteId},Update existing data,session_cookie,requireAccountingAccess|requireCompanyRole,creditNoteId,,creditNoteUpdateSchema (src/lib/validators/sales.ts),issueDate|lines|notes|reason|status,400|401|403|404,json,src/app/api/credit-notes/[creditNoteId]/route.ts
credit-notes,POST,/api/credit-notes/{creditNoteId}/cancel,Cancel entity workflow state,session_cookie,requireCompanyRole,creditNoteId,,,,400|401|403|404,json,src/app/api/credit-notes/[creditNoteId]/cancel/route.ts
credit-notes,POST,/api/credit-notes/{creditNoteId}/issue,Issue or finalize document,session_cookie,requireCompanyRole,creditNoteId,,,,400|401|403|404,json,src/app/api/credit-notes/[creditNoteId]/issue/route.ts
credit-notes,POST,/api/credit-notes/{creditNoteId}/refund,Create or execute action,session_cookie,requireCompanyRole,creditNoteId,,schema,accountId|amount|companyId|reference|refundDate,400|401|403|404,json,src/app/api/credit-notes/[creditNoteId]/refund/route.ts
credit-notes,GET,/api/credit-notes/{creditNoteId}/refunds,Read data,session_cookie,requireCompanyRole,creditNoteId,,,,401|403|404,json,src/app/api/credit-notes/[creditNoteId]/refunds/route.ts
credit-notes,POST,/api/credit-notes/{creditNoteId}/send,Dispatch communication or document,session_cookie,requireCompanyRole,creditNoteId,,,,400|401|403|404,json,src/app/api/credit-notes/[creditNoteId]/send/route.ts
customers,GET,/api/customers,Read data,session_cookie,requireAccountingAccess|requireCompanyRole,,balance|companyId|q|status|vatRegistered,bulkStatusSchema (src/lib/validators/parties.ts)|customerSchema (src/lib/validators/parties.ts),companyId|ids|status,400|401|403|409,json,src/app/api/customers/route.ts
customers,PATCH,/api/customers,Update existing data,session_cookie,requireAccountingAccess|requireCompanyRole,,balance|companyId|q|status|vatRegistered,bulkStatusSchema (src/lib/validators/parties.ts)|customerSchema (src/lib/validators/parties.ts),companyId|ids|status,400|401|403|409,json,src/app/api/customers/route.ts
customers,POST,/api/customers,Create or execute action,session_cookie,requireAccountingAccess|requireCompanyRole,,balance|companyId|q|status|vatRegistered,bulkStatusSchema (src/lib/validators/parties.ts)|customerSchema (src/lib/validators/parties.ts),companyId|ids|status,400|401|403|409,json,src/app/api/customers/route.ts
customers,GET,/api/customers/{customerId},Read data,session_cookie,requireAccountingAccess|requireCompanyRole,customerId,,customerUpdateSchema (src/lib/validators/parties.ts),,400|401|403|404|409,json,src/app/api/customers/[customerId]/route.ts
customers,PUT,/api/customers/{customerId},Update existing data,session_cookie,requireAccountingAccess|requireCompanyRole,customerId,,customerUpdateSchema (src/lib/validators/parties.ts),,400|401|403|404|409,json,src/app/api/customers/[customerId]/route.ts
customers,GET,/api/customers/{customerId}/activity,Read data,session_cookie,requireAccountingAccess,customerId,,,,401|403|404,json,src/app/api/customers/[customerId]/activity/route.ts
customers,GET,/api/customers/{customerId}/contacts,Read data,session_cookie,requireAccountingAccess|requireCompanyRole,customerId,,contactSchema (src/lib/validators/parties.ts),companyId|email|isPrimary|name|partyId|partyType|phone|role,400|401|403|404,json,src/app/api/customers/[customerId]/contacts/route.ts
customers,POST,/api/customers/{customerId}/contacts,Create or execute action,session_cookie,requireAccountingAccess|requireCompanyRole,customerId,,contactSchema (src/lib/validators/parties.ts),companyId|email|isPrimary|name|partyId|partyType|phone|role,400|401|403|404,json,src/app/api/customers/[customerId]/contacts/route.ts
customers,DELETE,/api/customers/{customerId}/contacts/{contactId},Delete or revoke data,session_cookie,requireCompanyRole,contactId|customerId,,contactSchema (src/lib/validators/parties.ts),companyId|email|isPrimary|name|partyId|partyType|phone|role,400|401|403|404,json,src/app/api/customers/[customerId]/contacts/[contactId]/route.ts
customers,PUT,/api/customers/{customerId}/contacts/{contactId},Update existing data,session_cookie,requireCompanyRole,contactId|customerId,,contactSchema (src/lib/validators/parties.ts),companyId|email|isPrimary|name|partyId|partyType|phone|role,400|401|403|404,json,src/app/api/customers/[customerId]/contacts/[contactId]/route.ts
customers,GET,/api/customers/{customerId}/statement,Read data,session_cookie,requireAccountingAccess,customerId,,,,401|403|404,json,src/app/api/customers/[customerId]/statement/route.ts
customers,POST,/api/customers/{customerId}/statement/email,Create or execute action,session_cookie,requireCompanyRole,customerId,,,,400|401|403|404,json,src/app/api/customers/[customerId]/statement/email/route.ts
customers,GET,/api/customers/{customerId}/statement/export,Export data,session_cookie,requireAccountingAccess,customerId,,,,401|403|404,csv|json,src/app/api/customers/[customerId]/statement/export/route.ts
customers,GET,/api/customers/{customerId}/statement/history,Read data,session_cookie,requireCompanyRole,customerId,,,,401|403|404,json,src/app/api/customers/[customerId]/statement/history/route.ts
customers,POST,/api/customers/{customerId}/statement/resend,Create or execute action,session_cookie,requireCompanyRole,customerId,,schema,emailId,400|401|403|404,json,src/app/api/customers/[customerId]/statement/resend/route.ts
customers,GET,/api/customers/export,Export data,session_cookie,requireAccountingAccess,,companyId,,,400|401|403,csv|json,src/app/api/customers/export/route.ts
customers,GET,/api/customers/import,Import or upload data,session_cookie,requireAccountingAccess|requireCompanyRole,,companyId|lang,customerSchema (src/lib/validators/parties.ts)|importPayloadSchema (src/lib/validators/parties.ts),companyId|csv|dryRun,400|401|403,csv|json,src/app/api/customers/import/route.ts
customers,POST,/api/customers/import,Import or upload data,session_cookie,requireAccountingAccess|requireCompanyRole,,companyId|lang,customerSchema (src/lib/validators/parties.ts)|importPayloadSchema (src/lib/validators/parties.ts),companyId|csv|dryRun,400|401|403,csv|json,src/app/api/customers/import/route.ts
departments,GET,/api/departments,Read data,session_cookie,requireCompanyRole|requireHrAccess,,companyId,departmentSchema (src/lib/validators/hr.ts),,400|401|403|409,json,src/app/api/departments/route.ts
departments,POST,/api/departments,Create or execute action,session_cookie,requireCompanyRole|requireHrAccess,,companyId,departmentSchema (src/lib/validators/hr.ts),,400|401|403|409,json,src/app/api/departments/route.ts
departments,GET,/api/departments/{departmentId},Read data,session_cookie,requireCompanyRole|requireHrAccess,departmentId,,departmentSchema (src/lib/validators/hr.ts)|departmentUpdateSchema (src/lib/validators/hr.ts),,400|401|403|404|409,json,src/app/api/departments/[departmentId]/route.ts
departments,PATCH,/api/departments/{departmentId},Update existing data,session_cookie,requireCompanyRole|requireHrAccess,departmentId,,departmentSchema (src/lib/validators/hr.ts)|departmentUpdateSchema (src/lib/validators/hr.ts),,400|401|403|404|409,json,src/app/api/departments/[departmentId]/route.ts
departments,GET,/api/departments/export,Export data,session_cookie,requireHrAccess,,companyId,,,400|401|403,csv|json,src/app/api/departments/export/route.ts
developer,GET,/api/developer/keys,Read data,session_cookie,requireAdminAccess,,companyId,schema,companyId|name|scopes,400|401|403,json,src/app/api/developer/keys/route.ts
developer,POST,/api/developer/keys,Create or execute action,session_cookie,requireAdminAccess,,companyId,schema,companyId|name|scopes,400|401|403,json,src/app/api/developer/keys/route.ts
developer,DELETE,/api/developer/keys/{keyId},Delete or revoke data,session_cookie,requireAdminAccess,keyId,companyId,,,400|401|403,json,src/app/api/developer/keys/[keyId]/route.ts
developer,GET,/api/developer/keys/export,Export data,session_cookie,requireAdminAccess,,companyId,,,400|401|403,csv|json,src/app/api/developer/keys/export/route.ts
developer,GET,/api/developer/ping,Read data,api_key_bearer,,,,,,200|401,json,src/app/api/developer/ping/route.ts
developer,GET,/api/developer/usage,Read data,session_cookie,requireAdminAccess,,companyId,,,400|401|403,json,src/app/api/developer/usage/route.ts
developer,GET,/api/developer/usage/export,Export data,session_cookie,requireAdminAccess,,companyId,,,400|401|403,csv|json,src/app/api/developer/usage/export/route.ts
document-branding,GET,/api/document-branding,Read data,session_cookie,requireAdminAccess|requireCompanyRole,,companyId,documentBrandingSchema (src/lib/validators/company.ts),accentColor|companyId|footer|header|logoUrl,400|401|403,json,src/app/api/document-branding/route.ts
document-branding,PUT,/api/document-branding,Update existing data,session_cookie,requireAdminAccess|requireCompanyRole,,companyId,documentBrandingSchema (src/lib/validators/company.ts),accentColor|companyId|footer|header|logoUrl,400|401|403,json,src/app/api/document-branding/route.ts
documents,GET,/api/documents,Read data,session_cookie,requireCompanyRole|requireDocumentAccess,,companyId|docType|entityType|q|tag,documentSchema (src/lib/validators/documents.ts),companyId|content|contentType|docType|entityId|entityType|name|size|storage|tags|url,400|401|403,json|pdf,src/app/api/documents/route.ts
documents,POST,/api/documents,Create or execute action,session_cookie,requireCompanyRole|requireDocumentAccess,,companyId|docType|entityType|q|tag,documentSchema (src/lib/validators/documents.ts),companyId|content|contentType|docType|entityId|entityType|name|size|storage|tags|url,400|401|403,json|pdf,src/app/api/documents/route.ts
documents,DELETE,/api/documents/{documentId},Delete or revoke data,session_cookie,requireCompanyRole|requireDocumentAccess,documentId,,documentUpdateSchema (src/lib/validators/documents.ts),docType|entityId|entityType|name|tags,400|401|403|404,json,src/app/api/documents/[documentId]/route.ts
documents,GET,/api/documents/{documentId},Read data,session_cookie,requireCompanyRole|requireDocumentAccess,documentId,,documentUpdateSchema (src/lib/validators/documents.ts),docType|entityId|entityType|name|tags,400|401|403|404,json,src/app/api/documents/[documentId]/route.ts
documents,PATCH,/api/documents/{documentId},Update existing data,session_cookie,requireCompanyRole|requireDocumentAccess,documentId,,documentUpdateSchema (src/lib/validators/documents.ts),docType|entityId|entityType|name|tags,400|401|403|404,json,src/app/api/documents/[documentId]/route.ts
documents,POST,/api/documents/{documentId}/replace,Create or execute action,session_cookie,requireCompanyRole,documentId,,documentReplaceSchema (src/lib/validators/documents.ts),companyId|content|contentType|size|storage|url,400|401|403|404,json|pdf,src/app/api/documents/[documentId]/replace/route.ts
documents,GET,/api/documents/export,Export data,session_cookie,requireDocumentAccess,,companyId,,,400|401|403,csv|json,src/app/api/documents/export/route.ts
email,POST,/api/email/dispatch,Create or execute action,public_or_system,,,token,,,401,json,src/app/api/email/dispatch/route.ts
email,POST,/api/email/dispatch-now,Create or execute action,session_cookie,requireAdminAccess,,,,,400|401|403,json,src/app/api/email/dispatch-now/route.ts
email,GET,/api/email/status,Read data,session_cookie,,,,,,401,json,src/app/api/email/status/route.ts
email,POST,/api/email/verify,Create or execute action,session_cookie,requireAdminAccess,,,,,400|401|403,json,src/app/api/email/verify/route.ts
employees,GET,/api/employees,Read data,session_cookie,requireCompanyMembership|requireCompanyRole,,companyId|departmentId|managerId|positionId|q|scope|status,employeeSchema (src/lib/validators/hr.ts),,400|401|403|409,json,src/app/api/employees/route.ts
employees,POST,/api/employees,Create or execute action,session_cookie,requireCompanyMembership|requireCompanyRole,,companyId|departmentId|managerId|positionId|q|scope|status,employeeSchema (src/lib/validators/hr.ts),,400|401|403|409,json,src/app/api/employees/route.ts
employees,GET,/api/employees/{employeeId},Read data,session_cookie,requireCompanyRole|requireHrAccess,employeeId,,employeeSchema (src/lib/validators/hr.ts)|employeeUpdateSchema (src/lib/validators/hr.ts),,400|401|403|404|409,json,src/app/api/employees/[employeeId]/route.ts
employees,PUT,/api/employees/{employeeId},Update existing data,session_cookie,requireCompanyRole|requireHrAccess,employeeId,,employeeSchema (src/lib/validators/hr.ts)|employeeUpdateSchema (src/lib/validators/hr.ts),,400|401|403|404|409,json,src/app/api/employees/[employeeId]/route.ts
employees,GET,/api/employees/{employeeId}/contracts,Read data,session_cookie,requireCompanyRole|requireHrAccess,employeeId,,contractSchema (src/lib/validators/hr.ts),,400|401|403|404,json,src/app/api/employees/[employeeId]/contracts/route.ts
employees,POST,/api/employees/{employeeId}/contracts,Create or execute action,session_cookie,requireCompanyRole|requireHrAccess,employeeId,,contractSchema (src/lib/validators/hr.ts),,400|401|403|404,json,src/app/api/employees/[employeeId]/contracts/route.ts
employees,PATCH,/api/employees/{employeeId}/contracts/{contractId},Update existing data,session_cookie,requireCompanyRole,contractId|employeeId,,contractSchema (src/lib/validators/hr.ts)|contractUpdateSchema (src/lib/validators/hr.ts),,400|401|403|404,json,src/app/api/employees/[employeeId]/contracts/[contractId]/route.ts
employees,GET,/api/employees/{employeeId}/documents,Read data,session_cookie,requireCompanyRole|requireHrAccess,employeeId,,documentSchema (src/lib/validators/hr.ts),companyId|content|contentType|expiresAt|issuedAt|name|size|storage|type|url,400|401|403|404,json,src/app/api/employees/[employeeId]/documents/route.ts
employees,POST,/api/employees/{employeeId}/documents,Create or execute action,session_cookie,requireCompanyRole|requireHrAccess,employeeId,,documentSchema (src/lib/validators/hr.ts),companyId|content|contentType|expiresAt|issuedAt|name|size|storage|type|url,400|401|403|404,json,src/app/api/employees/[employeeId]/documents/route.ts
employees,DELETE,/api/employees/{employeeId}/documents/{documentId},Delete or revoke data,session_cookie,requireCompanyRole,documentId|employeeId,,,,401|403|404,json,src/app/api/employees/[employeeId]/documents/[documentId]/route.ts
employees,GET,/api/employees/{employeeId}/transfers,Read data,session_cookie,requireAccountingAccess,employeeId,,,,401|403|404,json,src/app/api/employees/[employeeId]/transfers/route.ts
employees,GET,/api/employees/export,Export data,session_cookie,requireHrAccess,,companyId|departmentId|managerId|positionId|q|status,,,400|401|403,csv|json,src/app/api/employees/export/route.ts
employees,GET,/api/employees/self,Read data,session_cookie,requireCompanyMembership,,companyId,employeeSelfUpdateSchema (src/lib/validators/hr.ts),address|companyId|email|phone,400|401|403|404,json,src/app/api/employees/self/route.ts
employees,PATCH,/api/employees/self,Update existing data,session_cookie,requireCompanyMembership,,companyId,employeeSelfUpdateSchema (src/lib/validators/hr.ts),address|companyId|email|phone,400|401|403|404,json,src/app/api/employees/self/route.ts
expense-categories,GET,/api/expense-categories,Read data,session_cookie,requireAccountingAccess|requireCompanyRole,,companyId|status,expenseCategorySchema (src/lib/validators/expenses.ts),companyId|expenseAccountId|name|status,400|401|403,json,src/app/api/expense-categories/route.ts
expense-categories,POST,/api/expense-categories,Create or execute action,session_cookie,requireAccountingAccess|requireCompanyRole,,companyId|status,expenseCategorySchema (src/lib/validators/expenses.ts),companyId|expenseAccountId|name|status,400|401|403,json,src/app/api/expense-categories/route.ts
expense-categories,PATCH,/api/expense-categories/{categoryId},Update existing data,session_cookie,requireCompanyRole,categoryId,,expenseCategoryUpdateSchema (src/lib/validators/expenses.ts),expenseAccountId|name|status,400|401|403|404,json,src/app/api/expense-categories/[categoryId]/route.ts
expenses,GET,/api/expenses,Read data,session_cookie,requireAccountingAccess|requireCompanyRole,,categoryId|companyId|from|paymentMethod|q|reimbursable|reimbursementStatus|status|to,expenseSchema (src/lib/validators/expenses.ts),amount|categoryId|companyId|currency|description|expenseDate|notes|paymentAccountId|paymentMethod|reimbursable|reimburseTo|reimbursementStatus|status|taxCategoryId|vendorId,400|401|403,json,src/app/api/expenses/route.ts
expenses,POST,/api/expenses,Create or execute action,session_cookie,requireAccountingAccess|requireCompanyRole,,categoryId|companyId|from|paymentMethod|q|reimbursable|reimbursementStatus|status|to,expenseSchema (src/lib/validators/expenses.ts),amount|categoryId|companyId|currency|description|expenseDate|notes|paymentAccountId|paymentMethod|reimbursable|reimburseTo|reimbursementStatus|status|taxCategoryId|vendorId,400|401|403,json,src/app/api/expenses/route.ts
expenses,GET,/api/expenses/{expenseId},Read data,session_cookie,requireAccountingAccess|requireCompanyRole,expenseId,,expenseUpdateSchema (src/lib/validators/expenses.ts),amount|categoryId|currency|description|expenseDate|notes|paymentAccountId|paymentMethod|reimbursable|reimburseTo|reimbursementStatus|taxCategoryId|vendorId,400|401|403|404,json,src/app/api/expenses/[expenseId]/route.ts
expenses,PATCH,/api/expenses/{expenseId},Update existing data,session_cookie,requireAccountingAccess|requireCompanyRole,expenseId,,expenseUpdateSchema (src/lib/validators/expenses.ts),amount|categoryId|currency|description|expenseDate|notes|paymentAccountId|paymentMethod|reimbursable|reimburseTo|reimbursementStatus|taxCategoryId|vendorId,400|401|403|404,json,src/app/api/expenses/[expenseId]/route.ts
expenses,POST,/api/expenses/{expenseId}/approve,Approve entity workflow state,session_cookie,requireCompanyRole,expenseId,,,,400|401|403|404,json,src/app/api/expenses/[expenseId]/approve/route.ts
expenses,GET,/api/expenses/{expenseId}/attachments,Read data,session_cookie,requireAccountingAccess|requireCompanyRole,expenseId,,expenseAttachmentSchema (src/lib/validators/expenses.ts),companyId|content|contentType|name|size|storage|url,400|401|403|404,json,src/app/api/expenses/[expenseId]/attachments/route.ts
expenses,POST,/api/expenses/{expenseId}/attachments,Create or execute action,session_cookie,requireAccountingAccess|requireCompanyRole,expenseId,,expenseAttachmentSchema (src/lib/validators/expenses.ts),companyId|content|contentType|name|size|storage|url,400|401|403|404,json,src/app/api/expenses/[expenseId]/attachments/route.ts
expenses,DELETE,/api/expenses/{expenseId}/attachments/{attachmentId},Delete or revoke data,session_cookie,requireCompanyRole,attachmentId|expenseId,,,,401|403|404,json,src/app/api/expenses/[expenseId]/attachments/[attachmentId]/route.ts
expenses,POST,/api/expenses/{expenseId}/reimburse,Create or execute action,session_cookie,requireCompanyRole,expenseId,,expenseReimbursementSchema (src/lib/validators/expenses.ts),companyId|paymentAccountId|paymentDate|paymentMethod|reference,400|401|403|404,json,src/app/api/expenses/[expenseId]/reimburse/route.ts
health,GET,/api/health,Read data,public_or_system,,,token,,,401,json,src/app/api/health/route.ts
help,GET,/api/help/articles,Read data,session_cookie,,,categoryId|q,,,401,json,src/app/api/help/articles/route.ts
help,GET,/api/help/articles/{articleId},Read data,session_cookie,,articleId,,,,401|404,json,src/app/api/help/articles/[articleId]/route.ts
help,GET,/api/help/categories,Read data,session_cookie,,,,,,401,json,src/app/api/help/categories/route.ts
help,POST,/api/help/feedback,Create or execute action,session_cookie,,,,schema,articleId|companyId|locale|message|page|rating,400|401,json,src/app/api/help/feedback/route.ts
help,GET,/api/help/glossary,Read data,session_cookie,,,q,,,401,json,src/app/api/help/glossary/route.ts
hr,GET,/api/hr/reports/export,Export data,session_cookie,requireCompanyRole,,companyId|departmentId|endDate|format|report|startDate,,,400|401|403,csv|json|pdf,src/app/api/hr/reports/export/route.ts
hr,GET,/api/hr/reports/summary,Generate report data,session_cookie,requireCompanyRole,,companyId|departmentId|endDate|startDate,,,400|401|403,json,src/app/api/hr/reports/summary/route.ts
import-jobs,GET,/api/import-jobs,Import or upload data,session_cookie,requireAccountingAccess,,companyId,,,400|401|403,json,src/app/api/import-jobs/route.ts
integrations,GET,/api/integrations,Read data,session_cookie,requireAdminAccess|requireCompanyRole,,companyId,integrationSchema (src/lib/validators/integrations.ts),companyId|config|connector|credentials|environment|name|status,400|401|403,json,src/app/api/integrations/route.ts
integrations,POST,/api/integrations,Create or execute action,session_cookie,requireAdminAccess|requireCompanyRole,,companyId,integrationSchema (src/lib/validators/integrations.ts),companyId|config|connector|credentials|environment|name|status,400|401|403,json,src/app/api/integrations/route.ts
integrations,DELETE,/api/integrations/{integrationId},Delete or revoke data,session_cookie,requireAdminAccess|requireCompanyRole,integrationId,,integrationUpdateSchema (src/lib/validators/integrations.ts),config|credentials|environment|name|status,400|401|403|404,json,src/app/api/integrations/[integrationId]/route.ts
integrations,GET,/api/integrations/{integrationId},Read data,session_cookie,requireAdminAccess|requireCompanyRole,integrationId,,integrationUpdateSchema (src/lib/validators/integrations.ts),config|credentials|environment|name|status,400|401|403|404,json,src/app/api/integrations/[integrationId]/route.ts
integrations,PATCH,/api/integrations/{integrationId},Update existing data,session_cookie,requireAdminAccess|requireCompanyRole,integrationId,,integrationUpdateSchema (src/lib/validators/integrations.ts),config|credentials|environment|name|status,400|401|403|404,json,src/app/api/integrations/[integrationId]/route.ts
integrations,GET,/api/integrations/{integrationId}/jobs,Read data,session_cookie,requireAdminAccess,integrationId,,,,401|403|404,json,src/app/api/integrations/[integrationId]/jobs/route.ts
integrations,GET,/api/integrations/{integrationId}/logs,Read data,session_cookie,requireAdminAccess,integrationId,,,,401|403|404,json,src/app/api/integrations/[integrationId]/logs/route.ts
integrations,POST,/api/integrations/{integrationId}/sync,Run integration synchronization,session_cookie,requireCompanyRole,integrationId,,,,401|403|404,json,src/app/api/integrations/[integrationId]/sync/route.ts
integrations,POST,/api/integrations/{integrationId}/test,Run connection or validation test,session_cookie,requireCompanyRole,integrationId,,,,401|403|404,json,src/app/api/integrations/[integrationId]/test/route.ts
integrations,GET,/api/integrations/zatca/preview,Read data,session_cookie,requireAdminAccess,,companyId|invoiceId,,,400|401|403|404,json,src/app/api/integrations/zatca/preview/route.ts
invites,POST,/api/invites,Create or execute action,session_cookie,requireAdminAccess,,,inviteSchema (src/lib/validators/auth.ts),companyId|email|role,400|401|403,json,src/app/api/invites/route.ts
invites,GET,/api/invites/{token},Read data,public_or_system,,token,,,,404|410,json,src/app/api/invites/[token]/route.ts
invites,POST,/api/invites/accept,Create or execute action,public_or_system,,,,acceptInviteSchema (src/lib/validators/auth.ts),name|password|token,400|410,json,src/app/api/invites/accept/route.ts
invoices,GET,/api/invoices,Read data,session_cookie,requireAccountingAccess|requireCompanyRole,,companyId|customerId|from|maxTotal|minTotal|overdue|q|status|to,invoiceSchema (src/lib/validators/sales.ts),companyId|currency|customerId|dueDate|invoiceDate|lines|notes|paymentTermId|status|terms,400|401|403,json,src/app/api/invoices/route.ts
invoices,POST,/api/invoices,Create or execute action,session_cookie,requireAccountingAccess|requireCompanyRole,,companyId|customerId|from|maxTotal|minTotal|overdue|q|status|to,invoiceSchema (src/lib/validators/sales.ts),companyId|currency|customerId|dueDate|invoiceDate|lines|notes|paymentTermId|status|terms,400|401|403,json,src/app/api/invoices/route.ts
invoices,GET,/api/invoices/{invoiceId},Read data,session_cookie,requireAccountingAccess|requireCompanyRole,invoiceId,,invoiceUpdateSchema (src/lib/validators/sales.ts),currency|customerId|dueDate|invoiceDate|lines|notes|paymentTermId|terms,400|401|403|404,json,src/app/api/invoices/[invoiceId]/route.ts
invoices,PUT,/api/invoices/{invoiceId},Update existing data,session_cookie,requireAccountingAccess|requireCompanyRole,invoiceId,,invoiceUpdateSchema (src/lib/validators/sales.ts),currency|customerId|dueDate|invoiceDate|lines|notes|paymentTermId|terms,400|401|403|404,json,src/app/api/invoices/[invoiceId]/route.ts
invoices,POST,/api/invoices/{invoiceId}/approve,Approve entity workflow state,session_cookie,requireCompanyRole,invoiceId,,,,400|401|403|404,json,src/app/api/invoices/[invoiceId]/approve/route.ts
invoices,GET,/api/invoices/{invoiceId}/attachments,Read data,session_cookie,requireAccountingAccess|requireCompanyRole,invoiceId,,invoiceAttachmentSchema (src/lib/validators/sales.ts),companyId|content|contentType|name|size|storage|url,400|401|403|404,json,src/app/api/invoices/[invoiceId]/attachments/route.ts
invoices,POST,/api/invoices/{invoiceId}/attachments,Create or execute action,session_cookie,requireAccountingAccess|requireCompanyRole,invoiceId,,invoiceAttachmentSchema (src/lib/validators/sales.ts),companyId|content|contentType|name|size|storage|url,400|401|403|404,json,src/app/api/invoices/[invoiceId]/attachments/route.ts
invoices,DELETE,/api/invoices/{invoiceId}/attachments/{attachmentId},Delete or revoke data,session_cookie,requireCompanyRole,attachmentId|invoiceId,,,,401|403|404,json,src/app/api/invoices/[invoiceId]/attachments/[attachmentId]/route.ts
invoices,POST,/api/invoices/{invoiceId}/cancel,Cancel entity workflow state,session_cookie,requireCompanyRole,invoiceId,,,,400|401|403|404,json,src/app/api/invoices/[invoiceId]/cancel/route.ts
invoices,GET,/api/invoices/{invoiceId}/payments,Read data,session_cookie,requireCompanyRole,invoiceId,,invoicePaymentSchema (src/lib/validators/sales.ts),accountId|amount|companyId|method|paymentDate|reference,400|401|403|404,json,src/app/api/invoices/[invoiceId]/payments/route.ts
invoices,POST,/api/invoices/{invoiceId}/payments,Create or execute action,session_cookie,requireCompanyRole,invoiceId,,invoicePaymentSchema (src/lib/validators/sales.ts),accountId|amount|companyId|method|paymentDate|reference,400|401|403|404,json,src/app/api/invoices/[invoiceId]/payments/route.ts
invoices,POST,/api/invoices/{invoiceId}/send,Dispatch communication or document,session_cookie,requireCompanyRole,invoiceId,,sendSchema,companyId|message|subject|to,400|401|403|404,json,src/app/api/invoices/[invoiceId]/send/route.ts
invoices,POST,/api/invoices/reminders/overdue,Create or execute action,session_cookie,requireCompanyRole,,,,,400|401|403,json,src/app/api/invoices/reminders/overdue/route.ts
items,GET,/api/items,Read data,session_cookie,requireAccountingAccess|requireCompanyRole,,category|companyId|lowStock|q|status|taxCategoryId|trackInventory|type,itemBulkStatusSchema (src/lib/validators/items.ts)|itemSchema (src/lib/validators/items.ts),companyId|ids|status,400|401|403|409,json,src/app/api/items/route.ts
items,PATCH,/api/items,Update existing data,session_cookie,requireAccountingAccess|requireCompanyRole,,category|companyId|lowStock|q|status|taxCategoryId|trackInventory|type,itemBulkStatusSchema (src/lib/validators/items.ts)|itemSchema (src/lib/validators/items.ts),companyId|ids|status,400|401|403|409,json,src/app/api/items/route.ts
items,POST,/api/items,Create or execute action,session_cookie,requireAccountingAccess|requireCompanyRole,,category|companyId|lowStock|q|status|taxCategoryId|trackInventory|type,itemBulkStatusSchema (src/lib/validators/items.ts)|itemSchema (src/lib/validators/items.ts),companyId|ids|status,400|401|403|409,json,src/app/api/items/route.ts
items,GET,/api/items/{itemId},Read data,session_cookie,requireAccountingAccess|requireCompanyRole,itemId,,itemSchema (src/lib/validators/items.ts)|itemUpdateSchema (src/lib/validators/items.ts),,400|401|403|404|409,json,src/app/api/items/[itemId]/route.ts
items,PUT,/api/items/{itemId},Update existing data,session_cookie,requireAccountingAccess|requireCompanyRole,itemId,,itemSchema (src/lib/validators/items.ts)|itemUpdateSchema (src/lib/validators/items.ts),,400|401|403|404|409,json,src/app/api/items/[itemId]/route.ts
items,GET,/api/items/{itemId}/adjustments,Read data,session_cookie,requireAccountingAccess|requireCompanyRole,itemId,,inventoryAdjustmentSchema (src/lib/validators/items.ts),companyId|note|quantity|reason|unit,400|401|403|404,json,src/app/api/items/[itemId]/adjustments/route.ts
items,POST,/api/items/{itemId}/adjustments,Create or execute action,session_cookie,requireAccountingAccess|requireCompanyRole,itemId,,inventoryAdjustmentSchema (src/lib/validators/items.ts),companyId|note|quantity|reason|unit,400|401|403|404,json,src/app/api/items/[itemId]/adjustments/route.ts
items,GET,/api/items/{itemId}/attachments,Read data,session_cookie,requireAccountingAccess|requireCompanyRole,itemId,,itemAttachmentSchema (src/lib/validators/items.ts),companyId|content|contentType|name|size|storage|url,400|401|403|404,json,src/app/api/items/[itemId]/attachments/route.ts
items,POST,/api/items/{itemId}/attachments,Create or execute action,session_cookie,requireAccountingAccess|requireCompanyRole,itemId,,itemAttachmentSchema (src/lib/validators/items.ts),companyId|content|contentType|name|size|storage|url,400|401|403|404,json,src/app/api/items/[itemId]/attachments/route.ts
items,DELETE,/api/items/{itemId}/attachments/{attachmentId},Delete or revoke data,session_cookie,requireCompanyRole,attachmentId|itemId,,,,400|401|403|404,json,src/app/api/items/[itemId]/attachments/[attachmentId]/route.ts
items,GET,/api/items/export,Export data,session_cookie,requireAccountingAccess,,companyId,,,400|401|403,csv|json,src/app/api/items/export/route.ts
items,GET,/api/items/import,Import or upload data,session_cookie,requireAccountingAccess|requireCompanyRole,,companyId|lang,itemImportSchema (src/lib/validators/items.ts)|itemSchema (src/lib/validators/items.ts),companyId|csv|dryRun,400|401|403,csv|json,src/app/api/items/import/route.ts
items,POST,/api/items/import,Import or upload data,session_cookie,requireAccountingAccess|requireCompanyRole,,companyId|lang,itemImportSchema (src/lib/validators/items.ts)|itemSchema (src/lib/validators/items.ts),companyId|csv|dryRun,400|401|403,csv|json,src/app/api/items/import/route.ts
journal-entries,GET,/api/journal-entries,Read data,session_cookie,requireAccountingAccess|requireCompanyRole,,companyId|endDate|startDate|status,manualJournalEntrySchema (src/lib/validators/journal-entries.ts),,400|401|403,json,src/app/api/journal-entries/route.ts
journal-entries,POST,/api/journal-entries,Create or execute action,session_cookie,requireAccountingAccess|requireCompanyRole,,companyId|endDate|startDate|status,manualJournalEntrySchema (src/lib/validators/journal-entries.ts),,400|401|403,json,src/app/api/journal-entries/route.ts
journal-entries,DELETE,/api/journal-entries/{entryId},Delete or revoke data,session_cookie,requireCompanyRole,entryId,companyId,manualJournalEntryUpdateSchema (src/lib/validators/journal-entries.ts),,400|401|403|404,json,src/app/api/journal-entries/[entryId]/route.ts
journal-entries,PATCH,/api/journal-entries/{entryId},Update existing data,session_cookie,requireCompanyRole,entryId,companyId,manualJournalEntryUpdateSchema (src/lib/validators/journal-entries.ts),,400|401|403|404,json,src/app/api/journal-entries/[entryId]/route.ts
journal-entries,POST,/api/journal-entries/{entryId}/reverse,Create or execute action,session_cookie,requireCompanyRole,entryId,companyId,,,400|401|403|404,json,src/app/api/journal-entries/[entryId]/reverse/route.ts
leaves,GET,/api/leaves/adjustments,Read data,session_cookie,requireAccountingAccess|requireCompanyRole,,companyId|employeeId|leaveTypeId,leaveAdjustmentSchema (src/lib/validators/leave.ts),amount|companyId|employeeId|leaveTypeId|reason,400|401|403,json,src/app/api/leaves/adjustments/route.ts
leaves,POST,/api/leaves/adjustments,Create or execute action,session_cookie,requireAccountingAccess|requireCompanyRole,,companyId|employeeId|leaveTypeId,leaveAdjustmentSchema (src/lib/validators/leave.ts),amount|companyId|employeeId|leaveTypeId|reason,400|401|403,json,src/app/api/leaves/adjustments/route.ts
leaves,GET,/api/leaves/balances,Read data,session_cookie,requireCompanyMembership,,companyId|employeeId|year,,,400|401|403|404,json,src/app/api/leaves/balances/route.ts
leaves,GET,/api/leaves/balances/export,Export data,session_cookie,requireCompanyMembership,,companyId|employeeId|year,,,400|401|403|404,csv|json,src/app/api/leaves/balances/export/route.ts
leaves,GET,/api/leaves/requests,Read data,session_cookie,requireCompanyMembership,,companyId|employeeId|status,leaveRequestSchema (src/lib/validators/leave.ts),companyId|employeeId|endDate|leaveTypeId|reason|startDate,400|401|403|404,json,src/app/api/leaves/requests/route.ts
leaves,POST,/api/leaves/requests,Create or execute action,session_cookie,requireCompanyMembership,,companyId|employeeId|status,leaveRequestSchema (src/lib/validators/leave.ts),companyId|employeeId|endDate|leaveTypeId|reason|startDate,400|401|403|404,json,src/app/api/leaves/requests/route.ts
leaves,PATCH,/api/leaves/requests/{requestId},Update existing data,session_cookie,requireCompanyMembership|requireCompanyRole,requestId,,leaveRequestUpdateSchema (src/lib/validators/leave.ts),companyId|reason|status,400|401|403|404,json,src/app/api/leaves/requests/[requestId]/route.ts
leaves,GET,/api/leaves/requests/export,Export data,session_cookie,requireCompanyMembership,,companyId|employeeId|status,,,400|401|403|404,csv|json,src/app/api/leaves/requests/export/route.ts
leaves,GET,/api/leaves/types,Read data,session_cookie,requireCompanyMembership|requireCompanyRole,,companyId,leaveTypeSchema (src/lib/validators/leave.ts),code|companyId|defaultAllowance|isPaid|name|requiresApproval|status,400|401|403|409,json,src/app/api/leaves/types/route.ts
leaves,POST,/api/leaves/types,Create or execute action,session_cookie,requireCompanyMembership|requireCompanyRole,,companyId,leaveTypeSchema (src/lib/validators/leave.ts),code|companyId|defaultAllowance|isPaid|name|requiresApproval|status,400|401|403|409,json,src/app/api/leaves/types/route.ts
leaves,DELETE,/api/leaves/types/{typeId},Delete or revoke data,session_cookie,requireCompanyRole,typeId,companyId,leaveTypeUpdateSchema (src/lib/validators/leave.ts),,400|401|403,json,src/app/api/leaves/types/[typeId]/route.ts
leaves,PATCH,/api/leaves/types/{typeId},Update existing data,session_cookie,requireCompanyRole,typeId,companyId,leaveTypeUpdateSchema (src/lib/validators/leave.ts),,400|401|403,json,src/app/api/leaves/types/[typeId]/route.ts
notification-preferences,GET,/api/notification-preferences,Read data,session_cookie,requireCompanyMembership,,companyId,updateSchema,channels|companyId|types,400|401|403,json,src/app/api/notification-preferences/route.ts
notification-preferences,PATCH,/api/notification-preferences,Update existing data,session_cookie,requireCompanyMembership,,companyId,updateSchema,channels|companyId|types,400|401|403,json,src/app/api/notification-preferences/route.ts
notifications,GET,/api/notifications,Read data,session_cookie,requireCompanyMembership,,companyId|status,,,400|401|403|500,json,src/app/api/notifications/route.ts
notifications,POST,/api/notifications,Create or execute action,session_cookie,requireCompanyMembership,,companyId|status,,,400|401|403|500,json,src/app/api/notifications/route.ts
notifications,PATCH,/api/notifications/{notificationId},Update existing data,session_cookie,,notificationId,,,,401|404,json,src/app/api/notifications/[notificationId]/route.ts
notifications,GET,/api/notifications/export,Export data,session_cookie,requireCompanyMembership,,companyId|status,,,401|403,csv|json,src/app/api/notifications/export/route.ts
notifications,POST,/api/notifications/mark-all-read,Create or execute action,session_cookie,requireCompanyMembership,,,,,401|403,json,src/app/api/notifications/mark-all-read/route.ts
notifications,GET,/api/notifications/preview,Read data,session_cookie,,,locale|type,,,400|401,json,src/app/api/notifications/preview/route.ts
notifications,POST,/api/notifications/test,Run connection or validation test,session_cookie,requireAdminAccess,,,schema,companyId|email|locale|type,400|401|403,json,src/app/api/notifications/test/route.ts
open-items,GET,/api/open-items,Read data,session_cookie,requireAccountingAccess,,companyId|partyId|partyType,,,400|401|403,json,src/app/api/open-items/route.ts
opening-balances,GET,/api/opening-balances,Read data,session_cookie,requireCompanyRole,,companyId,openingBalanceSchema (src/lib/validators/company.ts),asOfDate|companyId|entries,400|401|403,json,src/app/api/opening-balances/route.ts
opening-balances,PUT,/api/opening-balances,Update existing data,session_cookie,requireCompanyRole,,companyId,openingBalanceSchema (src/lib/validators/company.ts),asOfDate|companyId|entries,400|401|403,json,src/app/api/opening-balances/route.ts
opening-balances,GET,/api/opening-balances/import,Import or upload data,session_cookie,requireAccountingAccess|requireCompanyRole,,companyId|lang,importPayloadSchema (src/lib/validators/parties.ts),companyId|csv|dryRun,400|401|403,csv|json,src/app/api/opening-balances/import/route.ts
opening-balances,POST,/api/opening-balances/import,Import or upload data,session_cookie,requireAccountingAccess|requireCompanyRole,,companyId|lang,importPayloadSchema (src/lib/validators/parties.ts),companyId|csv|dryRun,400|401|403,csv|json,src/app/api/opening-balances/import/route.ts
payment-methods,GET,/api/payment-methods,Read data,session_cookie,requireAccountingAccess|requireCompanyRole,,companyId,paymentMethodSchema (src/lib/validators/payments.ts),code|companyId|defaultAccountId|name|status,400|401|403,json,src/app/api/payment-methods/route.ts
payment-methods,POST,/api/payment-methods,Create or execute action,session_cookie,requireAccountingAccess|requireCompanyRole,,companyId,paymentMethodSchema (src/lib/validators/payments.ts),code|companyId|defaultAccountId|name|status,400|401|403,json,src/app/api/payment-methods/route.ts
payment-methods,PATCH,/api/payment-methods/{methodId},Update existing data,session_cookie,requireCompanyRole,methodId,,paymentMethodUpdateSchema (src/lib/validators/payments.ts),defaultAccountId|name|status,400|401|403|404,json,src/app/api/payment-methods/[methodId]/route.ts
payment-terms,GET,/api/payment-terms,Read data,session_cookie,requireAccountingAccess|requireCompanyRole,,companyId,paymentTermSchema (src/lib/validators/company.ts),companyId|days|name|status,400|401|403,json,src/app/api/payment-terms/route.ts
payment-terms,POST,/api/payment-terms,Create or execute action,session_cookie,requireAccountingAccess|requireCompanyRole,,companyId,paymentTermSchema (src/lib/validators/company.ts),companyId|days|name|status,400|401|403,json,src/app/api/payment-terms/route.ts
payment-terms,PATCH,/api/payment-terms/{termId},Update existing data,session_cookie,requireCompanyRole,termId,,paymentTermUpdateSchema (src/lib/validators/company.ts),days|name|status,400|401|403|404,json,src/app/api/payment-terms/[termId]/route.ts
payments,GET,/api/payments/receipts,Read data,session_cookie,requireAccountingAccess|requireCompanyRole,,companyId|customerId|from|q|status|to,paymentReceiptSchema (src/lib/validators/payments.ts),accountId|allocations|companyId|currency|customerId|method|receiptDate|reference|totalAmount,400|401|403,json,src/app/api/payments/receipts/route.ts
payments,POST,/api/payments/receipts,Create or execute action,session_cookie,requireAccountingAccess|requireCompanyRole,,companyId|customerId|from|q|status|to,paymentReceiptSchema (src/lib/validators/payments.ts),accountId|allocations|companyId|currency|customerId|method|receiptDate|reference|totalAmount,400|401|403,json,src/app/api/payments/receipts/route.ts
payments,GET,/api/payments/receipts/{receiptId},Read data,session_cookie,requireAccountingAccess,receiptId,,,,401|403|404,json,src/app/api/payments/receipts/[receiptId]/route.ts
payments,GET,/api/payments/receipts/export,Export data,session_cookie,requireAccountingAccess,,companyId,,,400|401|403,csv|json,src/app/api/payments/receipts/export/route.ts
payments,GET,/api/payments/transfers/export,Export data,session_cookie,requireAccountingAccess,,companyId,,,400|401|403,csv|json,src/app/api/payments/transfers/export/route.ts
payments,GET,/api/payments/vendor-payments,Read data,session_cookie,requireAccountingAccess|requireCompanyRole,,companyId|from|q|status|to|vendorId,vendorPaymentSchema (src/lib/validators/payments.ts),accountId|allocations|companyId|currency|method|paymentDate|reference|totalAmount|vendorId,400|401|403,json,src/app/api/payments/vendor-payments/route.ts
payments,POST,/api/payments/vendor-payments,Create or execute action,session_cookie,requireAccountingAccess|requireCompanyRole,,companyId|from|q|status|to|vendorId,vendorPaymentSchema (src/lib/validators/payments.ts),accountId|allocations|companyId|currency|method|paymentDate|reference|totalAmount|vendorId,400|401|403,json,src/app/api/payments/vendor-payments/route.ts
payments,GET,/api/payments/vendor-payments/{paymentId},Read data,session_cookie,requireAccountingAccess,paymentId,,,,401|403|404,json,src/app/api/payments/vendor-payments/[paymentId]/route.ts
payments,GET,/api/payments/vendor-payments/export,Export data,session_cookie,requireAccountingAccess,,companyId,,,400|401|403,csv|json,src/app/api/payments/vendor-payments/export/route.ts
payroll,GET,/api/payroll/adjustments,Read data,session_cookie,requireAccountingAccess|requireCompanyRole,,companyId|runId,payrollAdjustmentSchema (src/lib/validators/payroll.ts),amount|companyId|reason|runId|runItemId,400|401|403|404,json,src/app/api/payroll/adjustments/route.ts
payroll,POST,/api/payroll/adjustments,Create or execute action,session_cookie,requireAccountingAccess|requireCompanyRole,,companyId|runId,payrollAdjustmentSchema (src/lib/validators/payroll.ts),amount|companyId|reason|runId|runItemId,400|401|403|404,json,src/app/api/payroll/adjustments/route.ts
payroll,GET,/api/payroll/payslips/{runItemId}/export,Export data,session_cookie,requireHrAccess,runItemId,companyId|format|lang,,,400|401|403|404,csv|json|pdf,src/app/api/payroll/payslips/[runItemId]/export/route.ts
payroll,GET,/api/payroll/runs,Read data,session_cookie,requireCompanyRole|requireHrAccess,,companyId,payrollRunCreateSchema (src/lib/validators/payroll.ts),companyId|employeeIds|periodEnd|periodStart,400|401|403|409,json,src/app/api/payroll/runs/route.ts
payroll,POST,/api/payroll/runs,Create or execute action,session_cookie,requireCompanyRole|requireHrAccess,,companyId,payrollRunCreateSchema (src/lib/validators/payroll.ts),companyId|employeeIds|periodEnd|periodStart,400|401|403|409,json,src/app/api/payroll/runs/route.ts
payroll,GET,/api/payroll/runs/{runId},Read data,session_cookie,requireHrAccess,runId,companyId,,,400|401|403|404,json,src/app/api/payroll/runs/[runId]/route.ts
payroll,POST,/api/payroll/runs/{runId}/approve,Approve entity workflow state,session_cookie,requireCompanyRole,runId,,,,400|401|403|404,json,src/app/api/payroll/runs/[runId]/approve/route.ts
payroll,GET,/api/payroll/runs/{runId}/export,Export data,session_cookie,requireHrAccess,runId,companyId|format|lang,,,400|401|403|404,csv|json|pdf,src/app/api/payroll/runs/[runId]/export/route.ts
payroll,POST,/api/payroll/runs/{runId}/pay,Create or execute action,session_cookie,requireCompanyRole,runId,,payrollRunPaySchema (src/lib/validators/payroll.ts),companyId|paymentAccountId|paymentDate|paymentMethod,400|401|403|404,json,src/app/api/payroll/runs/[runId]/pay/route.ts
payroll,GET,/api/payroll/settings,Read data,session_cookie,requireCompanyRole|requireHrAccess,,companyId,payrollSettingsSchema (src/lib/validators/payroll.ts)|payrollSettingsUpdateSchema (src/lib/validators/payroll.ts),companyId|cycle|gosiEmployeeRate|gosiEmployerRate|gosiEnabled|incomeTaxEnabled|incomeTaxRate|latenessPenaltyPerMinute|overtimeMultiplier|paymentAccountId|payrollPayableAccountId|salaryDeductionsAccountId|salaryExpenseAccountId,400|401|403,json,src/app/api/payroll/settings/route.ts
payroll,PUT,/api/payroll/settings,Update existing data,session_cookie,requireCompanyRole|requireHrAccess,,companyId,payrollSettingsSchema (src/lib/validators/payroll.ts)|payrollSettingsUpdateSchema (src/lib/validators/payroll.ts),companyId|cycle|gosiEmployeeRate|gosiEmployerRate|gosiEnabled|incomeTaxEnabled|incomeTaxRate|latenessPenaltyPerMinute|overtimeMultiplier|paymentAccountId|payrollPayableAccountId|salaryDeductionsAccountId|salaryExpenseAccountId,400|401|403,json,src/app/api/payroll/settings/route.ts
positions,GET,/api/positions,Read data,session_cookie,requireCompanyRole|requireHrAccess,,companyId,positionSchema (src/lib/validators/hr.ts),,400|401|403|409,json,src/app/api/positions/route.ts
positions,POST,/api/positions,Create or execute action,session_cookie,requireCompanyRole|requireHrAccess,,companyId,positionSchema (src/lib/validators/hr.ts),,400|401|403|409,json,src/app/api/positions/route.ts
positions,GET,/api/positions/{positionId},Read data,session_cookie,requireCompanyRole|requireHrAccess,positionId,,positionSchema (src/lib/validators/hr.ts)|positionUpdateSchema (src/lib/validators/hr.ts),,400|401|403|404|409,json,src/app/api/positions/[positionId]/route.ts
positions,PATCH,/api/positions/{positionId},Update existing data,session_cookie,requireCompanyRole|requireHrAccess,positionId,,positionSchema (src/lib/validators/hr.ts)|positionUpdateSchema (src/lib/validators/hr.ts),,400|401|403|404|409,json,src/app/api/positions/[positionId]/route.ts
positions,GET,/api/positions/export,Export data,session_cookie,requireHrAccess,,companyId,,,400|401|403,csv|json,src/app/api/positions/export/route.ts
reconciliation,POST,/api/reconciliation/auto-match,Create or execute action,session_cookie,requireCompanyRole,,,reconciliationMatchSchema (src/lib/validators/payments.ts),accountId|companyId,400|401|403,json,src/app/api/reconciliation/auto-match/route.ts
reconciliation,GET,/api/reconciliation/import,Import or upload data,session_cookie,requireAccountingAccess|requireCompanyRole,,companyId|lang,reconciliationImportSchema (src/lib/validators/payments.ts),accountId|companyId|lines,400|401|403,csv|json,src/app/api/reconciliation/import/route.ts
reconciliation,POST,/api/reconciliation/import,Import or upload data,session_cookie,requireAccountingAccess|requireCompanyRole,,companyId|lang,reconciliationImportSchema (src/lib/validators/payments.ts),accountId|companyId|lines,400|401|403,csv|json,src/app/api/reconciliation/import/route.ts
reconciliation,GET,/api/reconciliation/lines,Read data,session_cookie,requireAccountingAccess,,accountId|companyId,,,400|401|403,json,src/app/api/reconciliation/lines/route.ts
reconciliation,PATCH,/api/reconciliation/lines/{lineId},Update existing data,session_cookie,requireCompanyRole,lineId,,updateSchema,matchedCashTransactionId|status,400|401|403|404,json,src/app/api/reconciliation/lines/[lineId]/route.ts
recurring-invoices,GET,/api/recurring-invoices,Read data,session_cookie,requireCompanyRole,,companyId,schema,companyId|customerId|frequency|nextRunDate|template,400|401|403,json,src/app/api/recurring-invoices/route.ts
recurring-invoices,POST,/api/recurring-invoices,Create or execute action,session_cookie,requireCompanyRole,,companyId,schema,companyId|customerId|frequency|nextRunDate|template,400|401|403,json,src/app/api/recurring-invoices/route.ts
recurring-invoices,DELETE,/api/recurring-invoices/{recurringId},Delete or revoke data,session_cookie,requireCompanyRole,recurringId,,schema,frequency|nextRunDate|status|template,400|401|403|404,json,src/app/api/recurring-invoices/[recurringId]/route.ts
recurring-invoices,GET,/api/recurring-invoices/{recurringId},Read data,session_cookie,requireCompanyRole,recurringId,,schema,frequency|nextRunDate|status|template,400|401|403|404,json,src/app/api/recurring-invoices/[recurringId]/route.ts
recurring-invoices,PATCH,/api/recurring-invoices/{recurringId},Update existing data,session_cookie,requireCompanyRole,recurringId,,schema,frequency|nextRunDate|status|template,400|401|403|404,json,src/app/api/recurring-invoices/[recurringId]/route.ts
recurring-invoices,POST,/api/recurring-invoices/run,Create or execute action,session_cookie,requireCompanyRole,,,,,400|401|403,json,src/app/api/recurring-invoices/run/route.ts
register,POST,/api/register,Create or execute action,public_or_system,,,,,,400|500,json,src/app/api/register/route.ts
reports,GET,/api/reports/balance-sheet,Generate report data,session_cookie,requireReportAccess,,asOfDate|companyId,,,400|401|403,json,src/app/api/reports/balance-sheet/route.ts
reports,GET,/api/reports/balance-sheet/export,Export data,session_cookie,requireReportAccess,,asOfDate|companyId|format,,,400|401|403,csv|json|pdf,src/app/api/reports/balance-sheet/export/route.ts
reports,GET,/api/reports/cash-flow,Generate report data,session_cookie,requireReportAccess,,companyId|endDate|startDate,,,400|401|403,json,src/app/api/reports/cash-flow/route.ts
reports,GET,/api/reports/cash-flow/export,Export data,session_cookie,requireReportAccess,,companyId|endDate|format|startDate,,,400|401|403,csv|json|pdf,src/app/api/reports/cash-flow/export/route.ts
reports,GET,/api/reports/exports,Export data,session_cookie,requireReportAccess,,companyId|endDate|format|limit|reportType|startDate|userId,,,400|401|403,json,src/app/api/reports/exports/route.ts
reports,GET,/api/reports/general-ledger,Generate report data,session_cookie,requireReportAccess,,accountId|companyId|endDate|startDate,,,400|401|403,json,src/app/api/reports/general-ledger/route.ts
reports,GET,/api/reports/general-ledger/export,Export data,session_cookie,requireReportAccess,,accountId|companyId|endDate|format|startDate,,,400|401|403,csv|json|pdf,src/app/api/reports/general-ledger/export/route.ts
reports,GET,/api/reports/profit-loss,Generate report data,session_cookie,requireReportAccess,,companyId|compareEndDate|compareStartDate|endDate|startDate,,,400|401|403,json,src/app/api/reports/profit-loss/route.ts
reports,GET,/api/reports/profit-loss/export,Export data,session_cookie,requireReportAccess,,companyId|compareEndDate|compareStartDate|endDate|format|startDate,,,400|401|403,csv|json|pdf,src/app/api/reports/profit-loss/export/route.ts
reports,GET,/api/reports/trial-balance,Generate report data,session_cookie,requireReportAccess,,companyId|compareEndDate|compareStartDate|endDate|startDate,,,400|401|403,json,src/app/api/reports/trial-balance/route.ts
reports,GET,/api/reports/trial-balance/export,Export data,session_cookie,requireReportAccess,,companyId|compareEndDate|compareStartDate|endDate|format|startDate,,,400|401|403,csv|json|pdf,src/app/api/reports/trial-balance/export/route.ts
security,GET,/api/security/mfa,Read data,session_cookie,requireAdminAccess,,companyId,,,400|401|403,json,src/app/api/security/mfa/route.ts
security,POST,/api/security/mfa/disable,Create or execute action,session_cookie,requireAdminAccess,,,,,400|401|403|409,json,src/app/api/security/mfa/disable/route.ts
security,POST,/api/security/mfa/enroll,Create or execute action,session_cookie,requireAdminAccess,,,,,400|401|403|409,json,src/app/api/security/mfa/enroll/route.ts
security,POST,/api/security/mfa/verify,Create or execute action,session_cookie,requireAdminAccess,,,,,400|401|403|409,json,src/app/api/security/mfa/verify/route.ts
setup,POST,/api/setup/bootstrap,Create or execute action,public_or_system,,,,bootstrapSchema (src/lib/validators/auth.ts),adminName|companyName|email|password,400|409,json,src/app/api/setup/bootstrap/route.ts
setup,GET,/api/setup/status,Read data,public_or_system,,,,,,200,json,src/app/api/setup/status/route.ts
support,GET,/api/support/tickets,Read data,session_cookie,requireCompanyMembership,,companyId,supportTicketSchema (src/lib/validators/support.ts),category|companyId|locale|message|priority|subject,400|401|403,json,src/app/api/support/tickets/route.ts
support,POST,/api/support/tickets,Create or execute action,session_cookie,requireCompanyMembership,,companyId,supportTicketSchema (src/lib/validators/support.ts),category|companyId|locale|message|priority|subject,400|401|403,json,src/app/api/support/tickets/route.ts
support,PATCH,/api/support/tickets/{ticketId},Update existing data,session_cookie,requireAdminAccess|requireCompanyMembership,ticketId,,supportTicketUpdateSchema (src/lib/validators/support.ts),status,400|401|403|404,json,src/app/api/support/tickets/[ticketId]/route.ts
support,GET,/api/support/tickets/export,Export data,session_cookie,requireAdminAccess,,companyId,,,400|401|403,csv|json,src/app/api/support/tickets/export/route.ts
tax-categories,GET,/api/tax-categories,Read data,session_cookie,requireAccountingAccess|requireCompanyRole,,companyId,taxCategorySchema (src/lib/validators/company.ts),companyId|name|rate|status|type,400|401|403,json,src/app/api/tax-categories/route.ts
tax-categories,POST,/api/tax-categories,Create or execute action,session_cookie,requireAccountingAccess|requireCompanyRole,,companyId,taxCategorySchema (src/lib/validators/company.ts),companyId|name|rate|status|type,400|401|403,json,src/app/api/tax-categories/route.ts
tax-categories,PATCH,/api/tax-categories/{categoryId},Update existing data,session_cookie,requireCompanyRole,categoryId,,taxCategoryUpdateSchema (src/lib/validators/company.ts),name|rate|status|type,400|401|403|404,json,src/app/api/tax-categories/[categoryId]/route.ts
telemetry,POST,/api/telemetry/event,Create or execute action,session_cookie,,,,schema,companyId|metadata|name,400|401,json,src/app/api/telemetry/event/route.ts
transfers,GET,/api/transfers,Read data,session_cookie,requireAccountingAccess|requireCompanyRole,,companyId|from|fromAccountId|q|to|toAccountId,transferSchema (src/lib/validators/payments.ts),amount|companyId|fromAccountId|memo|reference|toAccountId|transferDate,400|401|403,json,src/app/api/transfers/route.ts
transfers,POST,/api/transfers,Create or execute action,session_cookie,requireAccountingAccess|requireCompanyRole,,companyId|from|fromAccountId|q|to|toAccountId,transferSchema (src/lib/validators/payments.ts),amount|companyId|fromAccountId|memo|reference|toAccountId|transferDate,400|401|403,json,src/app/api/transfers/route.ts
transfers,GET,/api/transfers/{transferId},Read data,session_cookie,requireAccountingAccess,transferId,,,,401|403|404,json,src/app/api/transfers/[transferId]/route.ts
uploads,POST,/api/uploads/signature,Create or execute action,session_cookie,,,,,,401|500,json,src/app/api/uploads/signature/route.ts
users,GET,/api/users,Read data,session_cookie,requireAdminAccess,,companyId,,,400|401|403,json,src/app/api/users/route.ts
users,DELETE,/api/users/{userId},Delete or revoke data,session_cookie,requireAdminAccess,userId,,removeSchema|updateSchema,companyId|role,400|401|403|404,json,src/app/api/users/[userId]/route.ts
users,PATCH,/api/users/{userId},Update existing data,session_cookie,requireAdminAccess,userId,,removeSchema|updateSchema,companyId|role,400|401|403|404,json,src/app/api/users/[userId]/route.ts
users,GET,/api/users/export,Export data,session_cookie,requireAdminAccess,,companyId,,,400|401|403,csv|json,src/app/api/users/export/route.ts
vat,GET,/api/vat/adjustments,Read data,session_cookie,requireAccountingAccess|requireCompanyRole,,companyId|periodId,vatAdjustmentSchema (src/lib/validators/company.ts),amount|companyId|periodId|reason|type,400|401|403|404,json,src/app/api/vat/adjustments/route.ts
vat,POST,/api/vat/adjustments,Create or execute action,session_cookie,requireAccountingAccess|requireCompanyRole,,companyId|periodId,vatAdjustmentSchema (src/lib/validators/company.ts),amount|companyId|periodId|reason|type,400|401|403|404,json,src/app/api/vat/adjustments/route.ts
vat,GET,/api/vat/periods,Read data,session_cookie,requireAccountingAccess|requireCompanyRole,,companyId,vatPeriodSchema (src/lib/validators/company.ts),companyId|endDate|frequency|name|startDate,400|401|403|409,json,src/app/api/vat/periods/route.ts
vat,POST,/api/vat/periods,Create or execute action,session_cookie,requireAccountingAccess|requireCompanyRole,,companyId,vatPeriodSchema (src/lib/validators/company.ts),companyId|endDate|frequency|name|startDate,400|401|403|409,json,src/app/api/vat/periods/route.ts
vat,PATCH,/api/vat/periods/{periodId},Update existing data,session_cookie,requireCompanyRole,periodId,,vatPeriodUpdateSchema (src/lib/validators/company.ts),status,400|401|403|404,json,src/app/api/vat/periods/[periodId]/route.ts
vat,POST,/api/vat/periods/generate,Create or execute action,session_cookie,requireCompanyRole,,,vatPeriodGenerateSchema (src/lib/validators/company.ts),companyId|frequency|year,400|401|403|409,json,src/app/api/vat/periods/generate/route.ts
vat,GET,/api/vat/report,Generate report data,session_cookie,requireReportAccess,,companyId|endDate|periodId|startDate,,,400|401|403|404,json,src/app/api/vat/report/route.ts
vat,GET,/api/vat/report/export,Export data,session_cookie,requireReportAccess,,companyId|format|periodId,,,400|401|403|404,csv|json|pdf,src/app/api/vat/report/export/route.ts
vendor-credit-notes,GET,/api/vendor-credit-notes,Read data,session_cookie,requireAccountingAccess|requireCompanyRole,,billId|companyId|q|status|vendorId,vendorCreditNoteSchema (src/lib/validators/purchases.ts),billId|companyId|currency|issueDate|lines|notes|reason|status,400|401|403,json,src/app/api/vendor-credit-notes/route.ts
vendor-credit-notes,POST,/api/vendor-credit-notes,Create or execute action,session_cookie,requireAccountingAccess|requireCompanyRole,,billId|companyId|q|status|vendorId,vendorCreditNoteSchema (src/lib/validators/purchases.ts),billId|companyId|currency|issueDate|lines|notes|reason|status,400|401|403,json,src/app/api/vendor-credit-notes/route.ts
vendor-credit-notes,GET,/api/vendor-credit-notes/{creditNoteId},Read data,session_cookie,requireAccountingAccess|requireCompanyRole,creditNoteId,,vendorCreditNoteUpdateSchema (src/lib/validators/purchases.ts),issueDate|lines|notes|reason|status,400|401|403|404,json,src/app/api/vendor-credit-notes/[creditNoteId]/route.ts
vendor-credit-notes,PATCH,/api/vendor-credit-notes/{creditNoteId},Update existing data,session_cookie,requireAccountingAccess|requireCompanyRole,creditNoteId,,vendorCreditNoteUpdateSchema (src/lib/validators/purchases.ts),issueDate|lines|notes|reason|status,400|401|403|404,json,src/app/api/vendor-credit-notes/[creditNoteId]/route.ts
vendor-credit-notes,POST,/api/vendor-credit-notes/{creditNoteId}/cancel,Cancel entity workflow state,session_cookie,requireCompanyRole,creditNoteId,,,,400|401|403|404,json,src/app/api/vendor-credit-notes/[creditNoteId]/cancel/route.ts
vendor-credit-notes,POST,/api/vendor-credit-notes/{creditNoteId}/issue,Issue or finalize document,session_cookie,requireCompanyRole,creditNoteId,,,,400|401|403|404,json,src/app/api/vendor-credit-notes/[creditNoteId]/issue/route.ts
vendors,GET,/api/vendors,Read data,session_cookie,requireAccountingAccess|requireCompanyRole,,balance|companyId|q|status|vatRegistered,vendorBulkStatusSchema (src/lib/validators/parties.ts)|vendorSchema (src/lib/validators/parties.ts),companyId|ids|status,400|401|403|409,json,src/app/api/vendors/route.ts
vendors,PATCH,/api/vendors,Update existing data,session_cookie,requireAccountingAccess|requireCompanyRole,,balance|companyId|q|status|vatRegistered,vendorBulkStatusSchema (src/lib/validators/parties.ts)|vendorSchema (src/lib/validators/parties.ts),companyId|ids|status,400|401|403|409,json,src/app/api/vendors/route.ts
vendors,POST,/api/vendors,Create or execute action,session_cookie,requireAccountingAccess|requireCompanyRole,,balance|companyId|q|status|vatRegistered,vendorBulkStatusSchema (src/lib/validators/parties.ts)|vendorSchema (src/lib/validators/parties.ts),companyId|ids|status,400|401|403|409,json,src/app/api/vendors/route.ts
vendors,GET,/api/vendors/{vendorId},Read data,session_cookie,requireAccountingAccess|requireCompanyRole,vendorId,,vendorUpdateSchema (src/lib/validators/parties.ts),,400|401|403|404|409,json,src/app/api/vendors/[vendorId]/route.ts
vendors,PUT,/api/vendors/{vendorId},Update existing data,session_cookie,requireAccountingAccess|requireCompanyRole,vendorId,,vendorUpdateSchema (src/lib/validators/parties.ts),,400|401|403|404|409,json,src/app/api/vendors/[vendorId]/route.ts
vendors,GET,/api/vendors/{vendorId}/activity,Read data,session_cookie,requireAccountingAccess,vendorId,,,,401|403|404,json,src/app/api/vendors/[vendorId]/activity/route.ts
vendors,GET,/api/vendors/{vendorId}/contacts,Read data,session_cookie,requireAccountingAccess|requireCompanyRole,vendorId,,contactSchema (src/lib/validators/parties.ts),companyId|email|isPrimary|name|partyId|partyType|phone|role,400|401|403|404,json,src/app/api/vendors/[vendorId]/contacts/route.ts
vendors,POST,/api/vendors/{vendorId}/contacts,Create or execute action,session_cookie,requireAccountingAccess|requireCompanyRole,vendorId,,contactSchema (src/lib/validators/parties.ts),companyId|email|isPrimary|name|partyId|partyType|phone|role,400|401|403|404,json,src/app/api/vendors/[vendorId]/contacts/route.ts
vendors,GET,/api/vendors/{vendorId}/statement,Read data,session_cookie,requireAccountingAccess,vendorId,,,,401|403|404,json,src/app/api/vendors/[vendorId]/statement/route.ts
vendors,POST,/api/vendors/{vendorId}/statement/email,Create or execute action,session_cookie,requireCompanyRole,vendorId,,,,400|401|403|404,json,src/app/api/vendors/[vendorId]/statement/email/route.ts
vendors,GET,/api/vendors/{vendorId}/statement/export,Export data,session_cookie,requireAccountingAccess,vendorId,,,,401|403|404,csv|json,src/app/api/vendors/[vendorId]/statement/export/route.ts
vendors,GET,/api/vendors/{vendorId}/statement/history,Read data,session_cookie,requireCompanyRole,vendorId,,,,401|403|404,json,src/app/api/vendors/[vendorId]/statement/history/route.ts
vendors,POST,/api/vendors/{vendorId}/statement/resend,Create or execute action,session_cookie,requireCompanyRole,vendorId,,schema,emailId,400|401|403|404,json,src/app/api/vendors/[vendorId]/statement/resend/route.ts
vendors,GET,/api/vendors/export,Export data,session_cookie,requireAccountingAccess,,companyId,,,400|401|403,csv|json,src/app/api/vendors/export/route.ts
vendors,GET,/api/vendors/import,Import or upload data,session_cookie,requireAccountingAccess|requireCompanyRole,,companyId|lang,importPayloadSchema (src/lib/validators/parties.ts)|vendorSchema (src/lib/validators/parties.ts),companyId|csv|dryRun,400|401|403,csv|json,src/app/api/vendors/import/route.ts
vendors,POST,/api/vendors/import,Import or upload data,session_cookie,requireAccountingAccess|requireCompanyRole,,companyId|lang,importPayloadSchema (src/lib/validators/parties.ts)|vendorSchema (src/lib/validators/parties.ts),companyId|csv|dryRun,400|401|403,csv|json,src/app/api/vendors/import/route.ts
